date,bdi,bci,bpi,bsi,bunker_fuel,coal_index,indo_coal_index,dxy,seaborne_volume,mti_india,spot_freight_rate,sources,garch_vol_pct,garch_upper_95,garch_lower_95
2024-01-01,2085,2847,1967,1640,635.0,138.0,57.92,104.2,649710,0.281,22054,,,-9.223372036854776e+18,-9.223372036854776e+18
2024-01-02,2074,2899,1941,1630,637.23,138.82,58.32,104.12,657674,0.285,22077,,1.262,22623.0,21531.0
2024-01-03,2082,2844,1973,1657,627.13,139.73,58.75,104.42,654444,0.279,22271,,1.265,22823.0,21719.0
2024-01-04,2112,2895,1976,1644,626.39,139.64,59.2,104.17,638930,0.272,22362,,1.267,22917.0,21807.0
2024-01-05,2098,2811,1982,1649,627.06,139.23,58.38,103.94,638583,0.272,22322,,1.269,22877.0,21767.0
2024-01-06,2084,2856,1959,1628,630.91,138.42,58.09,103.35,650569,0.279,22408,,1.271,22966.0,21850.0
2024-01-07,2116,2811,2017,1674,633.99,137.21,57.19,103.78,657133,0.283,22450,,1.273,23010.0,21890.0
2024-01-08,2127,2864,1998,1646,636.53,136.18,57.52,103.56,654945,0.283,22663,,1.275,23229.0,22097.0
2024-01-09,2107,2942,1936,1657,632.8,134.38,56.51,103.53,662543,0.285,22403,,1.278,22964.0,21842.0
2024-01-10,2112,2950,2017,1644,624.18,134.13,56.16,103.31,632714,0.269,22069,,1.28,22623.0,21515.0
2024-01-11,2093,2907,1944,1631,622.56,131.95,54.66,103.49,645658,0.273,22068,,1.282,22623.0,21513.0
2024-01-12,2073,2818,1933,1619,627.26,132.06,56.04,103.41,636072,0.271,22074,,1.284,22630.0,21518.0
2024-01-13,2072,2857,1933,1621,633.65,131.9,54.9,103.09,645498,0.278,22136,,1.286,22694.0,21578.0
2024-01-14,2017,2783,1930,1571,636.84,131.96,55.18,103.21,667657,0.289,21692,,1.288,22240.0,21144.0
2024-01-15,1967,2662,1796,1538,638.72,131.21,55.25,102.87,655207,0.285,21092,,1.29,21625.0,20559.0
2024-01-16,1947,2755,1909,1547,640.35,134.8,56.14,102.68,693869,0.302,20959,,1.292,21490.0,20428.0
2024-01-17,1916,2684,1828,1513,637.76,136.28,56.64,102.17,658864,0.286,20782,,1.294,21309.0,20255.0
2024-01-18,1919,2639,1810,1513,637.14,134.61,55.69,101.85,658075,0.285,20586,,1.296,21109.0,20063.0
2024-01-19,1892,2612,1777,1467,644.64,134.74,56.88,101.93,660008,0.289,20528,,1.298,21050.0,20006.0
2024-01-20,1852,2565,1748,1428,640.26,133.86,56.0,101.48,650101,0.283,20035,,1.3,20545.0,19525.0
2024-01-21,1885,2509,1785,1487,647.48,132.5,56.82,101.15,660072,0.291,20646,,1.302,21173.0,20119.0
2024-01-22,1875,2576,1778,1478,645.86,130.78,54.53,101.21,679145,0.298,20498,,1.304,21022.0,19974.0
2024-01-23,1872,2553,1774,1487,651.69,131.21,54.74,101.12,665244,0.295,20268,,1.306,20787.0,19749.0
2024-01-24,1833,2484,1725,1419,645.13,130.3,54.5,101.67,652955,0.286,19762,,1.308,20269.0,19255.0
2024-01-25,1816,2493,1702,1412,647.67,131.39,55.28,102.18,652319,0.287,19845,,1.31,20355.0,19335.0
2024-01-26,1815,2586,1703,1386,644.23,132.49,55.46,101.99,660797,0.289,19727,,1.312,20234.0,19220.0
2024-01-27,1783,2490,1672,1384,637.81,134.04,56.54,102.17,670029,0.291,19289,,1.314,19786.0,18792.0
2024-01-28,1790,2445,1711,1414,638.88,132.89,55.42,102.39,688210,0.299,19583,,1.315,20088.0,19078.0
2024-01-29,1773,2472,1681,1374,643.51,133.35,55.46,102.26,651599,0.285,19312,,1.317,19811.0,18813.0
2024-01-30,1763,2496,1584,1387,639.71,134.0,55.56,101.92,668323,0.291,19176,,1.319,19672.0,18680.0
2024-01-31,1746,2451,1658,1359,633.05,133.31,55.1,101.96,676713,0.291,19005,,1.321,19497.0,18513.0
2024-02-01,1791,2474,1688,1403,632.87,132.28,55.35,101.95,648485,0.279,19251,,1.323,19750.0,18752.0
2024-02-02,1788,2438,1680,1374,632.73,134.12,56.21,101.88,664941,0.286,19486,,1.324,19992.0,18980.0
2024-02-03,1759,2459,1644,1374,635.46,134.28,56.14,102.03,668714,0.289,18970,,1.326,19463.0,18477.0
2024-02-04,1778,2471,1699,1333,639.95,134.93,57.17,101.87,668452,0.291,19398,,1.328,19903.0,18893.0
2024-02-05,1746,2449,1664,1358,639.83,133.82,56.69,101.63,684762,0.298,19200,,1.33,19701.0,18699.0
2024-02-06,1749,2443,1625,1335,648.33,132.25,55.41,101.7,680977,0.3,19023,,1.332,19520.0,18526.0
2024-02-07,1699,2392,1607,1347,649.34,131.49,54.51,101.83,676570,0.299,18659,,1.333,19146.0,18172.0
2024-02-08,1665,2274,1541,1313,647.77,131.28,54.91,101.58,692842,0.305,18509,,1.335,18993.0,18025.0
2024-02-09,1670,2364,1535,1311,640.54,129.94,54.34,101.86,713803,0.311,18487,,1.337,18971.0,18003.0
2024-02-10,1688,2339,1571,1344,639.54,129.89,54.29,101.45,714088,0.311,18495,,1.338,18980.0,18010.0
2024-02-11,1692,2429,1612,1303,638.24,127.83,53.41,101.35,662210,0.287,18344,,1.34,18826.0,17862.0
2024-02-12,1689,2300,1611,1349,642.82,126.49,52.86,101.34,701268,0.307,18664,,1.342,19155.0,18173.0
2024-02-13,1681,2398,1593,1328,645.07,127.32,53.32,101.23,691511,0.303,18629,,1.343,19119.0,18139.0
2024-02-14,1644,2278,1564,1278,639.89,128.06,53.53,101.14,698085,0.304,17917,,1.345,18389.0,17445.0
2024-02-15,1627,2216,1542,1289,640.92,127.59,53.67,101.66,691367,0.301,17742,,1.347,18210.0,17274.0
2024-02-16,1616,2209,1503,1241,644.17,126.38,53.23,101.49,700695,0.307,17879,,1.348,18351.0,17407.0
2024-02-17,1644,2254,1556,1267,651.23,125.19,52.21,102.15,702799,0.311,18312,,1.35,18797.0,17827.0
2024-02-18,1653,2301,1574,1279,655.28,124.79,52.92,102.29,693446,0.309,18339,,1.352,18825.0,17853.0
2024-02-19,1610,2245,1532,1246,658.68,125.63,52.37,102.34,690293,0.309,18075,,1.353,18554.0,17596.0
2024-02-20,1619,2209,1552,1244,658.87,126.8,52.61,102.49,698620,0.313,18023,,1.355,18502.0,17544.0
2024-02-21,1611,2222,1532,1279,660.54,126.24,53.17,103.15,710481,0.319,17821,,1.356,18295.0,17347.0
2024-02-22,1596,2299,1509,1240,666.06,124.91,52.14,102.91,717573,0.325,17974,,1.358,18452.0,17496.0
2024-02-23,1613,2304,1543,1264,659.86,125.31,52.76,102.65,723012,0.324,18113,,1.359,18595.0,17631.0
2024-02-24,1640,2283,1541,1269,658.22,124.39,51.28,102.49,704426,0.315,18282,,1.361,18770.0,17794.0
2024-02-25,1665,2300,1543,1266,654.71,123.85,52.57,102.52,717726,0.32,18393,,1.363,18884.0,17902.0
2024-02-26,1645,2276,1542,1288,656.46,125.54,53.0,102.11,729537,0.326,18167,,1.364,18653.0,17681.0
2024-02-27,1639,2289,1522,1244,662.02,126.61,52.58,102.15,734216,0.331,18358,,1.366,18850.0,17866.0
2024-02-28,1649,2229,1533,1285,659.25,126.86,52.69,102.61,717483,0.322,18548,,1.367,19045.0,18051.0
2024-02-29,1675,2299,1570,1282,648.48,125.4,53.33,102.67,716686,0.316,18674,,1.369,19175.0,18173.0
2024-03-01,1664,2221,1544,1334,646.83,125.74,52.51,102.62,724501,0.319,18550,,1.37,19048.0,18052.0
2024-03-02,1661,2310,1553,1312,651.18,127.09,53.05,102.49,706022,0.313,18311,,1.372,18803.0,17819.0
2024-03-03,1634,2285,1489,1277,653.76,126.71,52.31,102.74,721996,0.321,18083,,1.373,18570.0,17596.0
2024-03-04,1607,2195,1515,1276,655.81,128.41,53.79,102.56,737701,0.329,18069,,1.374,18556.0,17582.0
2024-03-05,1629,2319,1532,1256,654.63,130.01,54.51,103.04,737790,0.328,18290,,1.376,18783.0,17797.0
2024-03-06,1666,2243,1545,1309,648.99,132.04,55.74,103.54,725734,0.32,18507,,1.377,19006.0,18008.0
2024-03-07,1665,2232,1582,1303,651.54,132.41,55.05,103.61,734678,0.325,18273,,1.379,18767.0,17779.0
2024-03-08,1692,2346,1614,1325,647.98,133.12,55.3,103.61,720663,0.318,18597,,1.38,19100.0,18094.0
2024-03-09,1703,2397,1561,1351,658.07,134.81,56.8,103.87,745202,0.333,19003,,1.382,19518.0,18488.0
2024-03-10,1688,2406,1568,1330,660.71,135.32,57.24,104.14,735094,0.33,18943,,1.383,19456.0,18430.0
2024-03-11,1699,2324,1578,1330,658.12,134.68,55.94,103.94,733730,0.328,19039,,1.384,19555.0,18523.0
2024-03-12,1739,2449,1611,1327,655.44,134.13,56.77,103.8,734046,0.327,19319,,1.386,19844.0,18794.0
2024-03-13,1739,2399,1656,1339,655.16,134.4,56.46,103.47,740125,0.33,19353,,1.387,19879.0,18827.0
2024-03-14,1780,2448,1668,1386,654.23,132.85,56.23,103.58,735941,0.327,19695,,1.388,20231.0,19159.0
2024-03-15,1715,2406,1605,1339,659.43,132.69,55.7,103.75,754114,0.338,19246,,1.39,19770.0,18722.0
2024-03-16,1737,2427,1583,1335,660.34,134.03,55.28,103.41,739890,0.332,19407,,1.391,19936.0,18878.0
2024-03-17,1741,2331,1652,1401,657.1,131.4,55.13,103.31,771282,0.345,19426,,1.392,19956.0,18896.0
2024-03-18,1735,2460,1600,1380,665.73,133.29,56.41,102.98,770926,0.349,19461,,1.394,19993.0,18929.0
2024-03-19,1739,2462,1636,1367,665.91,134.66,56.2,102.77,737127,0.334,19479,,1.395,20012.0,18946.0
2024-03-20,1691,2305,1596,1320,669.33,134.12,56.17,102.93,753089,0.343,19139,,1.396,19663.0,18615.0
2024-03-21,1688,2347,1620,1313,666.48,134.78,56.54,102.77,743817,0.337,19019,,1.398,19540.0,18498.0
2024-03-22,1699,2367,1565,1308,668.07,134.8,55.46,102.71,750201,0.341,19185,,1.399,19711.0,18659.0
2024-03-23,1739,2411,1559,1358,669.39,136.29,57.91,102.33,786651,0.358,19781,,1.4,20324.0,19238.0
2024-03-24,1728,2359,1629,1352,660.78,137.46,57.37,102.4,753503,0.339,19344,,1.402,19876.0,18812.0
2024-03-25,1710,2329,1652,1311,669.92,135.76,57.22,102.42,765011,0.348,19220,,1.403,19749.0,18691.0
2024-03-26,1700,2344,1629,1332,675.62,136.47,57.28,102.26,769207,0.353,19404,,1.404,19938.0,18870.0
2024-03-27,1725,2434,1627,1343,673.62,136.22,57.72,102.25,747545,0.342,19312,,1.405,19844.0,18780.0
2024-03-28,1736,2420,1620,1320,668.48,136.33,57.42,102.32,751183,0.341,19378,,1.407,19912.0,18844.0
2024-03-29,1725,2364,1642,1330,669.97,135.46,56.8,102.15,747361,0.34,19457,,1.408,19994.0,18920.0
2024-03-30,1741,2437,1612,1350,670.26,137.58,57.43,101.81,753590,0.343,19648,,1.409,20191.0,19105.0
2024-03-31,1746,2281,1653,1396,671.75,138.83,58.63,102.3,725543,0.331,19453,,1.41,19991.0,18915.0
2024-04-01,1772,2497,1679,1392,672.48,137.92,57.18,102.18,777863,0.356,19938,,1.411,20489.0,19387.0
2024-04-02,1757,2346,1678,1346,674.6,136.31,57.51,102.18,801892,0.368,19841,,1.413,20390.0,19292.0
2024-04-03,1751,2400,1715,1375,680.92,135.87,56.63,102.47,774667,0.359,19845,,1.414,20395.0,19295.0
2024-04-04,1744,2356,1649,1332,683.16,136.43,57.8,103.38,752560,0.35,19937,,1.415,20490.0,19384.0
2024-04-05,1710,2302,1595,1353,678.08,136.74,57.5,103.08,765502,0.353,19520,,1.416,20062.0,18978.0
2024-04-06,1721,2427,1617,1334,683.94,138.27,58.33,103.2,769583,0.358,19641,,1.417,20186.0,19096.0
2024-04-07,1731,2368,1583,1348,690.95,139.23,58.51,103.04,762508,0.358,19769,,1.418,20318.0,19220.0
2024-04-08,1734,2409,1613,1377,704.61,140.38,58.26,102.92,791963,0.379,19981,,1.42,20537.0,19425.0
2024-04-09,1732,2388,1617,1328,698.76,140.76,58.77,102.76,792485,0.377,20200,,1.421,20763.0,19637.0
2024-04-10,1700,2367,1585,1301,699.18,139.07,58.68,102.5,764253,0.363,19730,,1.422,20280.0,19180.0
2024-04-11,1693,2340,1595,1310,689.12,138.84,58.38,102.51,793696,0.372,19413,,1.423,19954.0,18872.0
2024-04-12,1689,2272,1567,1336,691.12,140.12,59.32,102.17,806939,0.379,19597,,1.424,20144.0,19050.0
2024-04-13,1673,2353,1600,1277,688.12,140.05,58.98,102.44,813773,0.381,19315,,1.425,19854.0,18776.0
2024-04-14,1673,2287,1573,1254,696.3,140.66,58.69,102.48,829391,0.393,19456,,1.426,20000.0,18912.0
2024-04-15,1688,2259,1586,1308,692.18,140.27,58.59,102.61,774041,0.364,19506,,1.427,20052.0,18960.0
2024-04-16,1739,2381,1627,1367,684.02,139.03,58.44,102.52,831073,0.387,19863,,1.429,20419.0,19307.0
2024-04-17,1748,2479,1647,1385,681.5,138.91,57.42,102.45,784515,0.364,19856,,1.43,20413.0,19299.0
2024-04-18,1758,2464,1673,1363,672.26,139.31,59.18,102.55,782039,0.357,19857,,1.431,20414.0,19300.0
2024-04-19,1759,2412,1632,1365,675.47,138.54,58.37,102.28,796909,0.366,19882,,1.432,20440.0,19324.0
2024-04-20,1715,2351,1596,1359,665.94,138.3,58.58,102.23,784327,0.355,19409,,1.433,19954.0,18864.0
2024-04-21,1719,2358,1608,1307,666.02,137.22,57.0,102.04,800077,0.362,19621,,1.434,20172.0,19070.0
2024-04-22,1725,2474,1588,1338,656.61,138.62,58.72,101.85,775302,0.346,19167,,1.435,19706.0,18628.0
2024-04-23,1791,2488,1663,1400,655.3,138.32,58.99,101.37,792512,0.353,19720,,1.436,20275.0,19165.0
2024-04-24,1789,2489,1670,1404,662.85,140.11,58.32,101.75,816344,0.368,19833,,1.437,20392.0,19274.0
2024-04-25,1800,2531,1714,1395,664.46,141.97,59.94,101.62,797149,0.36,20151,,1.438,20719.0,19583.0
2024-04-26,1803,2499,1701,1407,660.54,141.88,59.59,101.95,801050,0.36,20062,,1.439,20628.0,19496.0
2024-04-27,1777,2441,1675,1341,660.43,140.67,58.47,102.26,806952,0.362,19920,,1.44,20482.0,19358.0
2024-04-28,1810,2488,1722,1400,660.54,138.2,58.24,101.97,818258,0.368,20258,,1.441,20830.0,19686.0
2024-04-29,1832,2525,1718,1437,662.69,136.5,57.66,101.73,776720,0.35,20219,,1.442,20790.0,19648.0
2024-04-30,1855,2558,1753,1429,656.51,134.94,56.44,102.41,811142,0.362,20389,,1.443,20966.0,19812.0
2024-05-01,1835,2565,1722,1432,659.27,136.72,57.89,102.88,799154,0.358,20466,,1.444,21045.0,19887.0
2024-05-02,1873,2587,1767,1469,647.13,136.95,56.85,102.89,806453,0.355,20647,,1.445,21232.0,20062.0
2024-05-03,1841,2573,1716,1430,644.56,137.51,57.16,102.97,820605,0.36,20248,,1.446,20822.0,19674.0
2024-05-04,1859,2561,1686,1453,642.68,134.94,56.73,102.83,787520,0.344,20182,,1.447,20754.0,19610.0
2024-05-05,1916,2648,1798,1478,645.87,133.63,56.13,102.96,790946,0.347,21063,,1.448,21661.0,20465.0
2024-05-06,1894,2524,1816,1474,646.25,134.84,56.35,102.8,777780,0.342,20920,,1.449,21514.0,20326.0
2024-05-07,1882,2639,1793,1479,640.18,135.32,57.16,102.31,799225,0.348,20631,,1.45,21217.0,20045.0
2024-05-08,1888,2621,1799,1475,636.12,135.28,57.03,102.01,828044,0.358,20537,,1.451,21121.0,19953.0
2024-05-09,1878,2636,1796,1454,637.46,136.09,57.5,102.05,806878,0.35,20530,,1.452,21114.0,19946.0
2024-05-10,1842,2412,1734,1441,637.52,138.17,57.98,101.8,789157,0.342,19974,,1.453,20543.0,19405.0
2024-05-11,1847,2643,1741,1454,635.32,138.0,58.2,101.82,802520,0.347,20309,,1.454,20888.0,19730.0
2024-05-12,1824,2511,1699,1386,633.59,138.18,57.86,101.59,788007,0.34,19911,,1.455,20479.0,19343.0
2024-05-13,1840,2589,1722,1456,637.19,138.51,58.99,101.44,793940,0.344,19910,,1.456,20478.0,19342.0
2024-05-14,1821,2466,1727,1414,635.25,141.47,59.09,101.7,817116,0.353,19909,,1.457,20478.0,19340.0
2024-05-15,1863,2599,1782,1461,635.27,139.0,59.22,101.81,794115,0.343,20378,,1.457,20960.0,19796.0
2024-05-16,1847,2502,1733,1462,645.45,139.91,58.78,101.84,828825,0.364,20352,,1.458,20934.0,19770.0
2024-05-17,1843,2515,1721,1413,639.24,139.85,58.19,102.1,811453,0.353,20183,,1.459,20760.0,19606.0
2024-05-18,1867,2662,1755,1443,631.21,140.61,59.6,102.26,814161,0.349,20181,,1.46,20758.0,19604.0
2024-05-19,1839,2530,1744,1430,635.2,139.89,58.81,102.65,809031,0.349,20180,,1.461,20758.0,19602.0
2024-05-20,1849,2561,1702,1428,632.52,139.92,59.11,102.56,825102,0.355,20118,,1.462,20694.0,19542.0
2024-05-21,1885,2641,1715,1502,631.51,140.85,59.65,102.48,825531,0.355,20282,,1.463,20864.0,19700.0
2024-05-22,1848,2573,1724,1426,628.43,144.66,60.89,102.18,819056,0.35,20068,,1.464,20644.0,19492.0
2024-05-23,1857,2569,1715,1438,627.74,145.65,60.93,102.1,822721,0.351,20308,,1.465,20891.0,19725.0
2024-05-24,1867,2593,1742,1460,635.42,144.63,61.14,102.38,811259,0.351,20347,,1.465,20931.0,19763.0
2024-05-25,1890,2716,1773,1452,639.35,144.14,60.54,102.73,822737,0.358,20912,,1.466,21513.0,20311.0
2024-05-26,1862,2567,1739,1445,643.46,143.62,60.6,102.99,809671,0.354,20519,,1.467,21109.0,19929.0
2024-05-27,1833,2538,1759,1435,637.23,141.51,58.57,102.56,814879,0.353,20129,,1.468,20708.0,19550.0
2024-05-28,1850,2600,1747,1437,632.3,141.18,59.47,102.86,810805,0.349,20157,,1.469,20737.0,19577.0
2024-05-29,1861,2617,1757,1450,619.87,142.13,59.44,102.41,808118,0.341,20071,,1.47,20649.0,19493.0
2024-05-30,1870,2635,1774,1449,616.81,140.67,59.74,102.67,804662,0.338,20090,,1.47,20669.0,19511.0
2024-05-31,1882,2627,1741,1441,621.75,142.01,59.89,102.6,822009,0.348,20313,,1.471,20899.0,19727.0
2024-06-01,1869,2527,1782,1463,624.6,142.66,60.01,102.8,834619,0.354,20342,,1.472,20929.0,19755.0
2024-06-02,1878,2665,1763,1496,624.05,141.84,59.77,102.48,832465,0.353,20244,,1.473,20828.0,19660.0
2024-06-03,1888,2554,1792,1473,624.41,141.74,59.13,102.8,795960,0.338,20270,,1.474,20856.0,19684.0
2024-06-04,1873,2599,1734,1465,621.74,143.73,61.02,102.46,834029,0.353,20147,,1.475,20729.0,19565.0
2024-06-05,1923,2620,1769,1513,623.14,144.65,61.55,102.32,809773,0.343,20993,,1.475,21600.0,20386.0
2024-06-06,1937,2671,1842,1488,627.03,144.69,60.93,102.1,823383,0.351,21039,,1.476,21648.0,20430.0
2024-06-07,1910,2650,1805,1520,620.1,144.44,61.3,101.69,800577,0.338,20589,,1.477,21185.0,19993.0
2024-06-08,1929,2676,1790,1508,621.93,144.57,60.49,101.76,816071,0.345,20667,,1.478,21266.0,20068.0
2024-06-09,1906,2650,1770,1516,626.55,143.99,60.16,102.25,818390,0.349,20729,,1.478,21329.0,20129.0
2024-06-10,1928,2734,1841,1491,625.01,141.5,59.45,102.95,791130,0.336,20781,,1.479,21383.0,20179.0
2024-06-11,1959,2724,1812,1561,628.5,144.03,60.67,102.99,822210,0.351,21238,,1.48,21854.0,20622.0
2024-06-12,1940,2667,1865,1527,641.43,144.26,60.43,103.28,832935,0.363,21134,,1.481,21747.0,20521.0
2024-06-13,1966,2757,1826,1544,640.95,144.78,61.02,103.35,809759,0.353,21475,,1.482,22099.0,20851.0
2024-06-14,1978,2783,1875,1547,642.7,144.74,60.92,103.49,832386,0.364,21590,,1.482,22217.0,20963.0
2024-06-15,1999,2704,1871,1555,639.32,143.9,60.04,103.41,808716,0.352,21664,,1.483,22294.0,21034.0
2024-06-16,2047,2852,1940,1619,640.13,143.72,60.57,103.46,823856,0.359,22358,,1.484,23008.0,21708.0
2024-06-17,2041,2848,1905,1595,642.17,141.85,59.92,103.61,777358,0.339,21964,,1.484,22603.0,21325.0
2024-06-18,2022,2777,1897,1542,642.96,144.66,60.83,103.46,846415,0.37,22174,,1.485,22819.0,21529.0
2024-06-19,2000,2822,1881,1540,638.25,143.21,60.61,103.45,832036,0.361,21867,,1.486,22504.0,21230.0
2024-06-20,1980,2725,1836,1541,639.14,142.03,59.17,103.44,804778,0.35,21445,,1.487,22070.0,20820.0
2024-06-21,1978,2736,1878,1549,645.66,141.58,59.65,103.66,778884,0.342,21490,,1.487,22116.0,20864.0
2024-06-22,1987,2734,1855,1549,647.47,143.2,59.68,103.39,812177,0.358,21744,,1.488,22378.0,21110.0
2024-06-23,1994,2753,1869,1577,651.54,143.28,59.73,103.39,785563,0.348,21886,,1.489,22525.0,21247.0
2024-06-24,2015,2731,1869,1536,650.12,141.85,59.32,103.88,813234,0.36,22070,,1.49,22715.0,21425.0
2024-06-25,2015,2715,1830,1574,653.16,143.43,59.86,104.17,812048,0.361,22184,,1.49,22832.0,21536.0
2024-06-26,2050,2901,1923,1567,654.0,144.36,60.41,104.5,791042,0.352,22669,,1.491,23331.0,22007.0
2024-06-27,2043,2781,1980,1607,649.28,145.04,60.83,104.49,821241,0.363,22304,,1.492,22956.0,21652.0
2024-06-28,2109,2866,2003,1644,650.36,145.93,61.63,104.55,815748,0.361,22823,,1.492,23490.0,22156.0
2024-06-29,2123,2833,1995,1663,645.5,148.82,62.38,104.79,817516,0.359,23185,,1.493,23863.0,22507.0
2024-06-30,2099,2868,1966,1622,642.34,151.41,62.96,105.16,802200,0.35,22970,,1.494,23643.0,22297.0
2024-07-01,2070,2797,1946,1637,642.93,150.52,63.67,104.64,779999,0.341,22498,,1.494,23157.0,21839.0
2024-07-02,2080,2944,1969,1641,643.99,152.41,63.68,104.3,815041,0.357,22503,,1.495,23162.0,21844.0
2024-07-03,2072,2905,1918,1627,638.31,152.78,64.14,104.62,795434,0.345,22414,,1.496,23071.0,21757.0
2024-07-04,2088,2850,1990,1626,642.84,153.29,64.56,104.53,777736,0.34,22488,,1.496,23147.0,21829.0
2024-07-05,2097,2995,1989,1646,645.09,151.16,63.57,104.35,817934,0.359,22904,,1.497,23576.0,22232.0
2024-07-06,2093,2932,1985,1619,641.54,150.88,63.81,104.02,828191,0.361,22581,,1.498,23244.0,21918.0
2024-07-07,2069,2840,1955,1629,634.29,149.84,63.12,103.88,795106,0.343,22295,,1.498,22950.0,21640.0
2024-07-08,2028,2687,1907,1612,633.45,150.78,62.98,103.53,827113,0.356,21858,,1.499,22500.0,21216.0
2024-07-09,2015,2884,1911,1591,631.25,152.0,64.71,104.06,795076,0.341,21770,,1.5,22410.0,21130.0
2024-07-10,2035,2745,1927,1574,631.6,149.42,62.84,104.05,786958,0.338,21896,,1.5,22540.0,21252.0
2024-07-11,2038,2738,1907,1596,629.79,149.35,62.67,104.03,782144,0.335,21954,,1.501,22600.0,21308.0
2024-07-12,2005,2812,1870,1540,620.6,150.65,63.66,104.17,815073,0.344,21522,,1.502,22156.0,20888.0
2024-07-13,2007,2879,1889,1576,618.87,150.35,63.25,104.4,777709,0.327,21327,,1.502,21955.0,20699.0
2024-07-14,2015,2843,1932,1580,617.53,151.16,63.65,104.63,799314,0.336,21618,,1.503,22255.0,20981.0
2024-07-15,1990,2772,1840,1519,620.43,151.5,64.63,104.88,778752,0.329,21307,,1.503,21935.0,20679.0
2024-07-16,1992,2776,1836,1533,617.27,151.83,63.66,104.7,779068,0.327,21163,,1.504,21787.0,20539.0
2024-07-17,1992,2787,1877,1549,624.85,151.41,63.46,104.61,800241,0.34,21705,,1.505,22345.0,21065.0
2024-07-18,1962,2741,1845,1525,616.11,149.86,62.99,104.78,777882,0.326,21014,,1.505,21634.0,20394.0
2024-07-19,1969,2730,1855,1514,622.04,148.45,62.78,104.63,776287,0.328,21101,,1.506,21724.0,20478.0
2024-07-20,1981,2739,1869,1552,620.92,149.26,62.08,104.61,798109,0.337,21435,,1.507,22068.0,20802.0
2024-07-21,2007,2766,1881,1570,624.69,149.22,61.89,104.7,803818,0.341,21803,,1.507,22447.0,21159.0
2024-07-22,2031,2768,1946,1580,624.86,148.99,62.34,104.88,788249,0.335,21778,,1.508,22422.0,21134.0
2024-07-23,1994,2739,1834,1541,629.79,148.42,61.68,104.41,767462,0.329,21513,,1.508,22149.0,20877.0
2024-07-24,1968,2640,1829,1554,627.73,148.0,61.99,104.58,768313,0.328,21069,,1.509,21692.0,20446.0
2024-07-25,1979,2727,1858,1574,622.51,149.21,62.87,104.5,775842,0.328,21209,,1.51,21837.0,20581.0
2024-07-26,1990,2702,1830,1544,628.71,148.74,62.12,104.66,778112,0.333,21417,,1.51,22051.0,20783.0
2024-07-27,2001,2712,1877,1550,627.87,147.07,61.2,104.84,757120,0.323,21515,,1.511,22152.0,20878.0
2024-07-28,2095,2900,2011,1643,628.54,147.92,62.16,105.22,781407,0.334,22517,,1.511,23184.0,21850.0
2024-07-29,2106,2969,1980,1636,633.74,147.62,62.35,105.53,770453,0.332,22711,,1.512,23384.0,22038.0
2024-07-30,2131,2982,2009,1659,628.63,147.61,61.32,105.83,742029,0.317,22781,,1.512,23456.0,22106.0
2024-07-31,2150,2897,1990,1691,630.93,149.49,63.11,106.15,752412,0.323,22859,,1.513,23537.0,22181.0
2024-08-01,2162,2939,2017,1652,627.84,149.38,63.07,106.18,757350,0.323,22967,,1.514,23649.0,22285.0
2024-08-02,2150,3009,2012,1701,626.86,149.64,63.23,106.14,762373,0.325,22888,,1.514,23567.0,22209.0
2024-08-03,2165,2943,2027,1690,626.81,148.14,62.7,106.31,790345,0.337,23115,,1.515,23801.0,22429.0
2024-08-04,2141,2944,2044,1662,619.66,147.8,62.96,106.45,764107,0.322,22879,,1.515,23558.0,22200.0
2024-08-05,2131,2965,2017,1660,615.9,148.47,62.21,106.31,746439,0.313,22424,,1.516,23090.0,21758.0
2024-08-06,2115,2875,1960,1649,621.78,146.52,61.58,106.37,760864,0.322,22481,,1.516,23149.0,21813.0
2024-08-07,2113,2921,1992,1617,625.45,146.71,61.45,106.31,750767,0.319,22659,,1.517,23333.0,21985.0
2024-08-08,2167,2931,2050,1717,624.76,146.77,61.65,106.04,759402,0.323,23051,,1.517,23736.0,22366.0
2024-08-09,2116,2893,2018,1651,625.44,146.76,62.25,106.32,761712,0.324,22653,,1.518,23327.0,21979.0
2024-08-10,2130,2954,2042,1669,623.68,147.94,61.6,106.28,769604,0.326,22700,,1.518,23375.0,22025.0
2024-08-11,2086,2807,1935,1644,629.38,148.26,61.93,106.75,749555,0.321,22368,,1.519,23034.0,21702.0
2024-08-12,2071,2878,1926,1597,627.95,149.94,63.53,106.28,772948,0.33,22184,,1.52,22845.0,21523.0
2024-08-13,2095,2891,1938,1643,628.47,148.63,62.83,106.09,760421,0.325,22517,,1.52,23188.0,21846.0
2024-08-14,2094,2914,1962,1628,633.09,148.7,62.31,106.05,734617,0.316,22260,,1.521,22924.0,21596.0
2024-08-15,2064,2858,1952,1625,628.95,148.69,62.79,106.29,776797,0.332,22119,,1.521,22778.0,21460.0
2024-08-16,2043,2881,1945,1555,635.4,147.3,62.0,106.34,746968,0.323,22045,,1.522,22703.0,21387.0
2024-08-17,2058,2846,1933,1603,627.8,148.36,62.91,106.37,727943,0.311,22063,,1.522,22721.0,21405.0
2024-08-18,2037,2792,1907,1578,634.57,151.04,63.47,106.04,763665,0.33,22148,,1.523,22809.0,21487.0
2024-08-19,2041,2821,1922,1599,632.18,150.87,63.78,105.7,768434,0.33,21922,,1.523,22576.0,21268.0
2024-08-20,2040,2839,1896,1599,630.42,151.33,64.62,105.75,735162,0.315,22048,,1.524,22707.0,21389.0
2024-08-21,2021,2791,1952,1564,621.26,151.27,63.77,105.37,726489,0.307,21451,,1.524,22092.0,20810.0
2024-08-22,2073,2862,1908,1604,618.74,150.25,63.13,105.2,729840,0.307,22166,,1.525,22829.0,21503.0
2024-08-23,2086,2847,1966,1625,613.63,147.92,62.41,105.3,741524,0.309,22175,,1.525,22838.0,21512.0
2024-08-24,2033,2775,1961,1569,610.55,146.95,61.57,105.02,748346,0.311,21408,,1.526,22048.0,20768.0
2024-08-25,2035,2746,1914,1603,609.64,145.18,61.93,105.4,736108,0.305,21543,,1.526,22187.0,20899.0
2024-08-26,2017,2862,1891,1567,613.67,147.14,61.87,105.67,727446,0.304,21368,,1.527,22008.0,20728.0
2024-08-27,2037,2755,1905,1536,614.24,146.89,61.58,105.24,746759,0.312,21685,,1.527,22334.0,21036.0
2024-08-28,2015,2749,1889,1565,615.23,146.36,61.14,104.98,717963,0.3,21329,,1.528,21968.0,20690.0
2024-08-29,2010,2742,1924,1549,609.88,147.32,62.31,104.39,736485,0.305,21225,,1.528,21861.0,20589.0
2024-08-30,2021,2830,1845,1547,605.6,145.85,61.6,104.18,715066,0.294,21429,,1.528,22071.0,20787.0
2024-08-31,2041,2804,1957,1570,613.45,144.82,60.63,104.36,724218,0.302,21590,,1.529,22237.0,20943.0
2024-09-01,2009,2829,1853,1569,609.73,144.81,61.05,104.25,714416,0.296,21309,,1.529,21948.0,20670.0
2024-09-02,1999,2729,1873,1583,616.85,145.95,60.7,104.35,713650,0.299,21194,,1.53,21830.0,20558.0
2024-09-03,1986,2753,1856,1555,615.26,146.44,61.58,103.96,707196,0.296,21256,,1.53,21893.0,20619.0
2024-09-04,1968,2679,1865,1524,614.8,146.61,61.76,104.16,731401,0.306,20839,,1.531,21464.0,20214.0
2024-09-05,2012,2873,1851,1577,619.15,146.57,62.24,104.01,698609,0.294,21278,,1.531,21917.0,20639.0
2024-09-06,2020,2734,1910,1567,624.32,146.91,61.4,104.01,696876,0.296,21697,,1.532,22349.0,21045.0
2024-09-07,1987,2756,1918,1537,623.15,147.01,61.23,103.98,738176,0.313,21191,,1.532,21827.0,20555.0
2024-09-08,2009,2800,1854,1546,620.75,145.63,60.81,103.66,719413,0.304,21579,,1.533,22227.0,20931.0
2024-09-09,2060,2861,1941,1575,619.88,145.56,60.6,103.38,667358,0.281,21889,,1.533,22547.0,21231.0
2024-09-10,2083,2867,1942,1618,620.8,144.13,61.07,103.63,693050,0.293,22058,,1.533,22721.0,21395.0
2024-09-11,2043,2813,1931,1596,624.19,144.12,61.15,103.73,672749,0.286,21473,,1.534,22119.0,20827.0
2024-09-12,2028,2801,1907,1580,623.51,143.43,60.37,103.99,684074,0.29,21557,,1.534,22205.0,20909.0
2024-09-13,2058,2834,1919,1598,625.6,146.36,61.96,104.07,649669,0.276,21831,,1.535,22488.0,21174.0
2024-09-14,2038,2856,1928,1573,632.23,146.16,61.44,104.1,693111,0.298,21947,,1.535,22607.0,21287.0
2024-09-15,2047,2924,1969,1608,633.07,144.32,60.58,103.66,676463,0.291,22066,,1.536,22730.0,21402.0
2024-09-16,2064,2823,1936,1586,633.57,144.03,60.36,103.6,692925,0.299,22004,,1.536,22666.0,21342.0
2024-09-17,2038,2751,1934,1604,625.82,144.52,60.57,103.6,666092,0.283,21755,,1.536,22410.0,21100.0
2024-09-18,2035,2804,1880,1569,613.22,146.39,60.86,104.09,690163,0.288,21566,,1.537,22216.0,20916.0
2024-09-19,1952,2809,1811,1509,614.45,145.51,61.22,104.26,681156,0.285,20788,,1.537,21414.0,20162.0
2024-09-20,1925,2621,1822,1475,613.48,143.45,60.23,104.63,708379,0.296,20493,,1.538,21111.0,19875.0
2024-09-21,1918,2721,1840,1487,610.63,144.29,60.9,104.76,705501,0.293,20082,,1.538,20687.0,19477.0
2024-09-22,1887,2679,1783,1489,611.25,142.49,59.88,104.57,694601,0.289,19977,,1.539,20580.0,19374.0
2024-09-23,1928,2636,1804,1513,610.48,141.84,59.51,104.58,676423,0.281,20214,,1.539,20824.0,19604.0
2024-09-24,1892,2636,1778,1493,615.08,141.41,59.04,104.62,709617,0.297,20103,,1.539,20709.0,19497.0
2024-09-25,1881,2669,1737,1476,614.89,141.21,59.34,104.37,655065,0.274,20035,,1.54,20640.0,19430.0
2024-09-26,1884,2583,1786,1450,610.95,141.92,59.9,104.26,655845,0.272,19926,,1.54,20527.0,19325.0
2024-09-27,1920,2641,1827,1492,614.9,140.97,58.75,104.2,674192,0.282,20480,,1.541,21099.0,19861.0
2024-09-28,1884,2574,1760,1455,613.34,140.52,59.05,104.6,707822,0.295,20062,,1.541,20668.0,19456.0
2024-09-29,1913,2595,1787,1516,615.16,140.39,59.06,104.06,669553,0.28,20113,,1.541,20720.0,19506.0
2024-09-30,1913,2611,1805,1471,612.42,140.45,58.7,104.36,668431,0.278,19920,,1.542,20522.0,19318.0
2024-10-01,1888,2551,1764,1489,608.95,140.45,58.75,104.11,648156,0.268,19906,,1.542,20508.0,19304.0
2024-10-02,1900,2624,1785,1498,608.86,140.85,59.25,103.76,682594,0.283,20042,,1.543,20648.0,19436.0
2024-10-03,1905,2594,1843,1519,608.45,141.73,59.07,104.06,681338,0.282,19989,,1.543,20594.0,19384.0
2024-10-04,1890,2619,1771,1467,610.14,142.06,59.8,104.24,677528,0.281,19773,,1.543,20371.0,19175.0
2024-10-05,1892,2541,1770,1489,608.43,142.44,59.47,104.54,654921,0.271,19841,,1.544,20441.0,19241.0
2024-10-06,1883,2613,1753,1509,599.7,140.38,59.39,104.73,652442,0.266,19673,,1.544,20268.0,19078.0
2024-10-07,1886,2640,1791,1460,597.46,140.31,59.86,105.22,642346,0.261,19756,,1.544,20354.0,19158.0
2024-10-08,1903,2536,1784,1456,600.78,140.74,58.77,105.33,661719,0.27,19949,,1.545,20553.0,19345.0
2024-10-09,1942,2697,1810,1481,599.13,141.47,59.63,105.26,642990,0.262,20454,,1.545,21073.0,19835.0
2024-10-10,1911,2692,1829,1503,597.74,140.48,58.71,105.32,640289,0.26,19799,,1.546,20399.0,19199.0
2024-10-11,1964,2656,1882,1498,601.92,139.54,59.02,105.6,650366,0.266,20638,,1.546,21263.0,20013.0
2024-10-12,1915,2718,1785,1487,598.38,138.71,57.75,105.37,648175,0.264,19993,,1.546,20599.0,19387.0
2024-10-13,1911,2656,1750,1499,591.17,139.22,58.67,105.18,646252,0.26,19919,,1.547,20523.0,19315.0
2024-10-14,1926,2626,1836,1506,590.33,140.32,58.59,105.07,660147,0.265,19940,,1.547,20545.0,19335.0
2024-10-15,1933,2665,1800,1515,588.04,139.68,58.58,104.52,653185,0.261,20142,,1.547,20753.0,19531.0
2024-10-16,1917,2671,1822,1499,583.64,140.61,58.65,104.54,646546,0.257,19817,,1.548,20418.0,19216.0
2024-10-17,1912,2642,1748,1515,582.88,140.59,59.38,104.05,652503,0.259,19649,,1.548,20245.0,19053.0
2024-10-18,1900,2646,1808,1465,585.15,140.27,58.58,104.06,633795,0.252,19611,,1.548,20206.0,19016.0
2024-10-19,1886,2561,1743,1459,585.11,139.85,58.96,104.27,649178,0.258,19469,,1.549,20060.0,18878.0
2024-10-20,1908,2641,1812,1474,586.5,140.58,58.91,104.14,648811,0.259,19796,,1.549,20397.0,19195.0
2024-10-21,1917,2582,1803,1510,594.65,140.79,59.09,104.56,622981,0.252,19768,,1.55,20369.0,19167.0
2024-10-22,1900,2617,1762,1498,592.93,143.34,60.26,104.18,659458,0.266,19777,,1.55,20378.0,19176.0
2024-10-23,1923,2614,1798,1508,594.04,142.09,59.37,104.47,630320,0.255,20023,,1.55,20631.0,19415.0
2024-10-24,1932,2632,1833,1528,591.59,142.5,59.94,104.62,643938,0.259,20042,,1.551,20651.0,19433.0
2024-10-25,1952,2749,1838,1501,587.68,141.65,60.11,104.18,659113,0.263,20367,,1.551,20986.0,19748.0
2024-10-26,1968,2765,1864,1565,585.02,140.4,58.66,104.85,654620,0.26,20404,,1.551,21024.0,19784.0
2024-10-27,1947,2714,1879,1546,582.9,140.2,59.35,104.81,640361,0.254,20049,,1.552,20659.0,19439.0
2024-10-28,1933,2618,1778,1521,584.59,140.17,59.47,104.57,633543,0.252,19954,,1.552,20561.0,19347.0
2024-10-29,1952,2679,1875,1555,595.21,143.48,59.93,104.2,652352,0.264,20346,,1.552,20965.0,19727.0
2024-10-30,1967,2769,1852,1505,591.83,143.01,59.48,104.14,647443,0.261,20452,,1.553,21075.0,19829.0
2024-10-31,1967,2720,1826,1525,589.87,141.42,59.52,104.1,627254,0.252,20112,,1.553,20724.0,19500.0
2024-11-01,1970,2822,1818,1523,589.54,141.53,59.22,104.12,623838,0.25,20310,,1.553,20928.0,19692.0
2024-11-02,2001,2780,1877,1574,591.29,138.81,59.05,104.04,603933,0.243,20474,,1.554,21098.0,19850.0
2024-11-03,1986,2749,1890,1530,592.42,138.52,58.19,104.19,636611,0.256,20726,,1.554,21357.0,20095.0
2024-11-04,1999,2745,1876,1573,598.12,138.36,57.79,104.09,632368,0.257,20778,,1.554,21411.0,20145.0
2024-11-05,1994,2757,1912,1580,587.01,139.13,57.98,103.6,649984,0.259,20566,,1.554,21192.0,19940.0
2024-11-06,1988,2736,1832,1563,576.31,140.1,59.28,103.57,637686,0.25,20455,,1.555,21078.0,19832.0
2024-11-07,2015,2812,1894,1577,574.34,139.29,58.27,102.98,651698,0.255,20660,,1.555,21290.0,20030.0
2024-11-08,2035,2851,1881,1569,579.58,138.9,58.36,103.08,620635,0.245,20696,,1.555,21327.0,20065.0
2024-11-09,2054,2799,1940,1587,572.75,137.79,58.25,102.85,647605,0.252,20951,,1.556,21590.0,20312.0
2024-11-10,2085,2818,1982,1649,559.56,136.25,57.03,102.91,622063,0.237,20984,,1.556,21624.0,20344.0
2024-11-11,2084,2793,1948,1639,562.76,136.46,57.3,103.26,641151,0.245,20879,,1.556,21516.0,20242.0
2024-11-12,2099,2919,1908,1636,564.42,134.77,56.6,103.03,607123,0.233,21125,,1.557,21770.0,20480.0
2024-11-13,2089,2833,1969,1622,560.05,134.13,56.61,103.31,632075,0.241,21064,,1.557,21707.0,20421.0
2024-11-14,2095,2794,1980,1598,556.25,132.8,56.01,103.21,598349,0.226,21015,,1.557,21656.0,20374.0
2024-11-15,2090,2901,1974,1611,552.6,133.34,55.91,103.66,623710,0.234,20783,,1.558,21418.0,20148.0
2024-11-16,2090,2996,1995,1665,553.9,135.37,56.88,103.58,633948,0.239,21141,,1.558,21787.0,20495.0
2024-11-17,2103,2901,1950,1617,551.86,133.65,55.99,103.37,619182,0.232,21057,,1.558,21700.0,20414.0
2024-11-18,2080,2908,1972,1626,554.91,131.29,54.55,103.55,610920,0.231,20886,,1.558,21524.0,20248.0
2024-11-19,2130,2943,2032,1679,542.84,131.04,55.14,103.45,639077,0.236,21282,,1.559,21932.0,20632.0
2024-11-20,2102,2896,1931,1617,540.01,130.96,55.76,103.24,624569,0.229,20794,,1.559,21429.0,20159.0
2024-11-21,2069,2896,1953,1617,536.03,131.13,54.72,103.14,618541,0.225,20547,,1.559,21175.0,19919.0
2024-11-22,2095,2879,1957,1651,536.05,130.49,54.5,103.14,626304,0.228,20725,,1.56,21359.0,20091.0
2024-11-23,2113,2927,1984,1648,534.82,130.15,54.32,103.49,665045,0.242,20874,,1.56,21512.0,20236.0
2024-11-24,2125,2947,2006,1709,539.63,130.5,55.1,103.01,642645,0.236,21214,,1.56,21863.0,20565.0
2024-11-25,2138,2920,1997,1637,532.4,131.65,55.47,103.03,642656,0.233,21336,,1.56,21988.0,20684.0
2024-11-26,2134,2989,1989,1683,533.89,129.19,54.2,103.2,631654,0.229,21208,,1.561,21857.0,20559.0
2024-11-27,2108,2901,1982,1641,537.67,128.67,53.67,103.26,627550,0.229,21027,,1.561,21670.0,20384.0
2024-11-28,2106,2873,1953,1657,547.23,128.85,54.15,103.6,589071,0.219,20925,,1.561,21565.0,20285.0
2024-11-29,2086,2903,1934,1635,546.08,127.67,53.0,103.59,614815,0.228,20620,,1.562,21251.0,19989.0
2024-11-30,2107,2868,1998,1630,548.59,129.69,54.53,103.54,617807,0.23,21242,,1.562,21892.0,20592.0
2024-12-01,2100,2899,1945,1642,541.49,128.83,54.46,103.7,596936,0.22,21098,,1.562,21744.0,20452.0
2024-12-02,2076,2864,1968,1586,531.89,128.71,53.56,103.72,607771,0.22,20669,,1.562,21302.0,20036.0
2024-12-03,2064,2898,1952,1621,537.06,129.29,53.69,103.63,595519,0.217,20388,,1.563,21013.0,19763.0
2024-12-04,2071,2880,1904,1621,538.31,128.5,54.6,103.76,624785,0.229,20428,,1.563,21054.0,19802.0
2024-12-05,2054,2833,1914,1613,544.87,126.2,52.76,103.6,637798,0.236,20385,,1.563,21009.0,19761.0
2024-12-06,2030,2838,1938,1602,539.83,125.64,53.23,103.45,642302,0.236,20007,,1.563,20620.0,19394.0
2024-12-07,2033,2868,1886,1592,543.42,126.84,53.21,103.32,632134,0.234,20266,,1.564,20887.0,19645.0
2024-12-08,2036,2835,1902,1591,553.02,126.39,53.02,103.67,611701,0.23,20612,,1.564,21244.0,19980.0
2024-12-09,2020,2788,1910,1560,555.92,125.32,52.81,102.87,597439,0.226,20265,,1.564,20886.0,19644.0
2024-12-10,2005,2707,1904,1551,558.13,126.4,52.73,102.99,600362,0.228,20209,,1.565,20829.0,19589.0
2024-12-11,2007,2722,1881,1587,559.1,125.95,52.95,103.01,608003,0.231,20390,,1.565,21015.0,19765.0
2024-12-12,1968,2702,1835,1561,552.95,125.3,52.47,102.61,614055,0.231,19704,,1.565,20308.0,19100.0
2024-12-13,1930,2636,1850,1501,560.11,125.44,52.16,102.71,625370,0.238,19749,,1.565,20355.0,19143.0
2024-12-14,1909,2627,1838,1490,558.29,126.33,53.19,102.85,612959,0.233,19497,,1.566,20095.0,18899.0
2024-12-15,1902,2627,1812,1467,561.53,129.14,54.13,103.02,633688,0.242,19251,,1.566,19842.0,18660.0
2024-12-16,1907,2656,1795,1509,555.42,130.04,54.55,102.37,625579,0.236,19144,,1.566,19732.0,18556.0
2024-12-17,1942,2677,1805,1527,551.17,131.33,54.67,102.74,629707,0.236,19579,,1.566,20180.0,18978.0
2024-12-18,1960,2727,1822,1564,558.78,130.6,55.49,102.58,647166,0.246,19782,,1.567,20390.0,19174.0
2024-12-19,1953,2698,1849,1508,558.23,129.25,54.64,102.77,612898,0.233,19548,,1.567,20148.0,18948.0
2024-12-20,1949,2601,1843,1514,565.81,129.23,54.66,102.98,637448,0.245,19957,,1.567,20570.0,19344.0
2024-12-21,1921,2608,1840,1502,566.35,129.27,54.17,102.78,631551,0.243,19667,,1.567,20271.0,19063.0
2024-12-22,1917,2639,1818,1507,558.96,127.88,53.02,102.96,627376,0.238,19383,,1.568,19979.0,18787.0
2024-12-23,1907,2577,1755,1483,564.03,127.6,54.37,102.88,646302,0.248,19223,,1.568,19814.0,18632.0
2024-12-24,1912,2665,1823,1475,562.35,128.01,53.74,102.38,646879,0.247,19249,,1.568,19841.0,18657.0
2024-12-25,1888,2674,1750,1488,566.51,128.37,53.61,102.7,620192,0.239,19195,,1.568,19785.0,18605.0
2024-12-26,1898,2674,1774,1493,567.57,128.89,54.3,102.53,632378,0.244,19257,,1.568,19849.0,18665.0
2024-12-27,1933,2658,1823,1491,561.56,129.15,54.71,102.34,640074,0.244,19541,,1.569,20142.0,18940.0
2024-12-28,1926,2725,1861,1527,563.37,128.46,53.94,102.27,632532,0.242,19656,,1.569,20260.0,19052.0
2024-12-29,1933,2674,1894,1529,574.31,127.76,54.17,102.37,646198,0.252,19874,,1.569,20485.0,19263.0
2024-12-30,1946,2670,1844,1520,577.37,126.25,53.46,102.38,642461,0.252,20123,,1.569,20742.0,19504.0
2024-12-31,1932,2638,1811,1508,577.9,128.35,53.48,102.55,666576,0.262,19749,,1.57,20357.0,19141.0
2025-01-01,1932,2652,1829,1517,583.54,128.29,53.61,102.24,616348,0.245,19829,,1.57,20439.0,19219.0
2025-01-02,1926,2641,1833,1487,585.18,127.95,54.12,102.08,638340,0.254,19971,,1.57,20586.0,19356.0
2025-01-03,1923,2662,1800,1501,586.8,126.76,52.15,102.09,627447,0.25,19908,,1.57,20521.0,19295.0
2025-01-04,1899,2627,1829,1442,582.55,130.23,54.64,102.6,651057,0.258,19771,,1.571,20380.0,19162.0
2025-01-05,1894,2614,1786,1493,584.35,128.85,53.54,102.59,618682,0.246,19566,,1.571,20168.0,18964.0
2025-01-06,1902,2644,1800,1455,589.75,128.25,53.67,102.89,649102,0.26,19945,,1.571,20559.0,19331.0
2025-01-07,1933,2721,1833,1535,586.62,128.68,53.93,102.92,635446,0.253,20023,,1.571,20640.0,19406.0
2025-01-08,1951,2736,1845,1516,593.75,129.32,54.17,102.81,634896,0.256,20377,,1.571,21004.0,19750.0
2025-01-09,1999,2692,1900,1556,593.92,130.39,54.54,102.77,625245,0.253,20673,,1.572,21310.0,20036.0
2025-01-10,1974,2609,1840,1528,590.52,132.46,55.19,102.75,641021,0.257,20433,,1.572,21063.0,19803.0
2025-01-11,1990,2788,1856,1547,595.69,132.94,56.75,102.92,665342,0.27,20822,,1.572,21464.0,20180.0
2025-01-12,1988,2682,1841,1576,594.98,131.54,55.99,103.28,649794,0.263,20850,,1.572,21492.0,20208.0
2025-01-13,2036,2800,1925,1544,599.01,131.12,54.6,103.38,660705,0.269,21303,,1.572,21959.0,20647.0
2025-01-14,2009,2720,1908,1590,598.25,131.38,55.81,103.69,677398,0.276,20959,,1.573,21605.0,20313.0
2025-01-15,1982,2654,1874,1552,598.55,133.75,56.02,103.45,657544,0.268,20833,,1.573,21475.0,20191.0
2025-01-16,1961,2730,1885,1508,601.36,131.94,55.46,103.35,646384,0.264,20219,,1.573,20842.0,19596.0
2025-01-17,1902,2659,1788,1464,603.21,133.27,55.95,103.18,662972,0.272,19793,,1.573,20403.0,19183.0
2025-01-18,1884,2574,1788,1500,594.74,133.35,55.74,103.27,649016,0.262,19711,,1.574,20319.0,19103.0
2025-01-19,1861,2452,1722,1435,590.39,134.22,56.77,103.19,650849,0.261,19338,,1.574,19935.0,18741.0
2025-01-20,1861,2543,1739,1431,595.37,133.96,56.31,103.39,636870,0.258,19460,,1.574,20060.0,18860.0
2025-01-21,1865,2592,1771,1475,595.49,132.81,55.59,103.16,674834,0.273,19507,,1.574,20109.0,18905.0
2025-01-22,1908,2567,1815,1494,593.86,133.59,55.59,103.19,656438,0.265,19933,,1.574,20548.0,19318.0
2025-01-23,1927,2668,1804,1486,588.51,134.25,56.03,103.37,666266,0.267,19892,,1.575,20506.0,19278.0
2025-01-24,1908,2632,1792,1492,584.54,135.28,56.16,102.86,649317,0.258,19776,,1.575,20386.0,19166.0
2025-01-25,1881,2622,1730,1449,576.43,135.11,56.75,103.41,672735,0.264,19478,,1.575,20079.0,18877.0
2025-01-26,1889,2613,1767,1493,577.13,134.25,55.91,103.35,656121,0.257,19565,,1.575,20169.0,18961.0
2025-01-27,1852,2512,1763,1464,575.59,132.25,55.44,102.85,666795,0.261,19291,,1.575,19887.0,18695.0
2025-01-28,1894,2668,1795,1487,572.44,133.13,56.46,102.91,683473,0.266,19474,,1.576,20076.0,18872.0
2025-01-29,1920,2642,1817,1504,573.41,133.53,56.56,102.94,683568,0.267,19744,,1.576,20354.0,19134.0
2025-01-30,1904,2626,1791,1516,576.31,132.26,55.53,102.93,672790,0.264,19396,,1.576,19995.0,18797.0
2025-01-31,1857,2520,1745,1448,586.96,131.52,55.2,103.2,648027,0.259,19174,,1.576,19766.0,18582.0
2025-02-01,1887,2584,1757,1451,581.18,130.88,55.72,103.4,720883,0.285,19549,,1.576,20153.0,18945.0
2025-02-02,1880,2555,1785,1475,587.54,129.03,54.4,103.48,703633,0.281,19701,,1.576,20310.0,19092.0
2025-02-03,1908,2625,1804,1525,592.96,128.01,53.63,103.6,689753,0.278,19831,,1.577,20444.0,19218.0
2025-02-04,1864,2649,1764,1435,590.39,126.63,52.61,103.58,669094,0.269,19494,,1.577,20097.0,18891.0
2025-02-05,1845,2485,1722,1433,592.31,126.13,53.13,104.02,680179,0.274,19265,,1.577,19860.0,18670.0
2025-02-06,1843,2470,1678,1445,591.23,125.26,52.94,103.65,675234,0.271,19189,,1.577,19782.0,18596.0
2025-02-07,1841,2607,1758,1435,593.08,123.33,51.55,103.69,703857,0.284,19305,,1.577,19902.0,18708.0
2025-02-08,1827,2512,1705,1407,600.85,125.82,52.96,103.71,690360,0.282,19186,,1.578,19779.0,18593.0
2025-02-09,1840,2509,1708,1455,604.42,127.35,53.34,103.91,676194,0.278,19341,,1.578,19939.0,18743.0
2025-02-10,1811,2545,1719,1454,607.49,126.41,53.02,103.7,682438,0.282,18958,,1.578,19544.0,18372.0
2025-02-11,1805,2464,1687,1411,606.29,126.76,52.24,103.27,707869,0.292,19104,,1.578,19695.0,18513.0
2025-02-12,1806,2574,1724,1392,600.38,127.28,53.37,103.31,716614,0.293,19010,,1.578,19598.0,18422.0
2025-02-13,1817,2538,1723,1389,600.34,128.72,54.45,103.39,717106,0.293,19113,,1.578,19704.0,18522.0
2025-02-14,1833,2507,1740,1434,606.69,127.73,53.39,103.78,707113,0.292,19461,,1.579,20063.0,18859.0
2025-02-15,1802,2584,1660,1426,600.61,129.05,54.22,103.46,693552,0.283,19070,,1.579,19660.0,18480.0
2025-02-16,1762,2405,1687,1383,596.79,128.38,53.62,103.75,650309,0.264,18490,,1.579,19062.0,17918.0
2025-02-17,1793,2508,1692,1399,598.37,126.79,53.39,104.35,704986,0.287,19008,,1.579,19596.0,18420.0
2025-02-18,1800,2497,1683,1393,594.94,127.69,53.54,104.24,702103,0.284,18966,,1.579,19553.0,18379.0
2025-02-19,1780,2515,1677,1369,592.45,129.26,53.91,103.91,705838,0.284,18629,,1.58,19206.0,18052.0
2025-02-20,1817,2578,1664,1433,591.68,132.36,56.12,103.81,706159,0.284,18969,,1.58,19556.0,18382.0
2025-02-21,1819,2511,1720,1435,586.69,130.88,55.34,103.81,687073,0.274,18964,,1.58,19551.0,18377.0
2025-02-22,1847,2515,1710,1413,583.58,131.7,55.07,103.95,716949,0.285,19277,,1.58,19874.0,18680.0
2025-02-23,1846,2569,1702,1469,588.09,131.18,55.29,103.8,719695,0.288,19447,,1.58,20049.0,18845.0
2025-02-24,1896,2586,1744,1489,583.47,132.1,55.7,104.19,722074,0.286,19841,,1.58,20455.0,19227.0
2025-02-25,1938,2764,1849,1536,577.65,130.31,54.99,103.9,727667,0.286,19962,,1.581,20581.0,19343.0
2025-02-26,1928,2667,1797,1480,576.3,128.79,53.42,103.46,724160,0.284,19897,,1.581,20514.0,19280.0
2025-02-27,1950,2674,1871,1496,581.13,127.89,54.12,103.75,710582,0.281,20253,,1.581,20881.0,19625.0
2025-02-28,1963,2717,1832,1528,581.68,128.03,53.54,103.18,717303,0.284,20450,,1.581,21084.0,19816.0
2025-03-01,1994,2691,1831,1564,581.03,127.3,53.32,103.14,721367,0.285,20735,,1.581,21378.0,20092.0
2025-03-02,1966,2669,1820,1566,582.69,128.15,54.88,103.93,723250,0.287,20373,,1.581,21004.0,19742.0
2025-03-03,1980,2787,1892,1557,576.28,129.43,54.48,103.93,738241,0.289,20290,,1.581,20919.0,19661.0
2025-03-04,2003,2735,1879,1558,580.08,130.18,54.52,103.65,734556,0.29,20605,,1.582,21244.0,19966.0
2025-03-05,1956,2652,1825,1507,583.31,132.15,54.62,103.63,757692,0.301,20382,,1.582,21014.0,19750.0
2025-03-06,1923,2679,1812,1522,582.92,132.64,56.27,103.63,761258,0.302,20071,,1.582,20693.0,19449.0
2025-03-07,1870,2634,1771,1442,588.92,131.17,54.56,103.67,730983,0.293,19416,,1.582,20018.0,18814.0
2025-03-08,1862,2602,1778,1482,585.2,132.83,55.39,103.84,673862,0.268,19315,,1.582,19914.0,18716.0
2025-03-09,1879,2638,1803,1461,591.71,132.1,55.35,103.58,751585,0.302,19787,,1.582,20401.0,19173.0
2025-03-10,1915,2609,1791,1523,593.73,133.2,56.51,104.0,726544,0.293,19918,,1.583,20536.0,19300.0
2025-03-11,1916,2579,1767,1506,593.5,135.08,57.04,104.06,724240,0.292,20183,,1.583,20809.0,19557.0
2025-03-12,1955,2765,1827,1522,594.7,135.6,56.89,104.24,731893,0.296,20423,,1.583,21057.0,19789.0
2025-03-13,1918,2632,1809,1487,595.5,133.77,56.31,104.07,732772,0.297,20273,,1.583,20902.0,19644.0
2025-03-14,1874,2574,1737,1455,602.26,132.67,55.48,104.39,750252,0.307,19758,,1.583,20371.0,19145.0
2025-03-15,1872,2642,1735,1467,598.56,134.27,56.45,104.31,719267,0.293,19566,,1.583,20173.0,18959.0
2025-03-16,1880,2620,1776,1468,596.35,134.07,56.34,104.37,728077,0.295,19701,,1.583,20312.0,19090.0
2025-03-17,1879,2613,1765,1455,602.29,134.16,56.74,104.13,750966,0.308,19866,,1.584,20483.0,19249.0
2025-03-18,1826,2618,1718,1422,600.77,135.08,57.12,103.87,756732,0.309,19299,,1.584,19898.0,18700.0
2025-03-19,1824,2489,1696,1424,606.02,135.9,57.28,104.04,758571,0.313,19388,,1.584,19990.0,18786.0
2025-03-20,1792,2515,1679,1360,614.76,136.22,57.07,103.92,738695,0.309,19236,,1.584,19833.0,18639.0
2025-03-21,1810,2500,1678,1420,613.88,135.95,57.4,103.71,737370,0.308,19333,,1.584,19933.0,18733.0
2025-03-22,1820,2523,1733,1402,617.9,135.57,56.9,103.55,745978,0.313,19518,,1.584,20124.0,18912.0
2025-03-23,1797,2548,1715,1381,613.59,136.59,56.94,103.73,758699,0.317,19055,,1.585,19647.0,18463.0
2025-03-24,1785,2486,1632,1362,617.95,137.24,57.48,103.57,778896,0.327,19293,,1.585,19892.0,18694.0
2025-03-25,1760,2453,1631,1340,619.74,136.91,57.54,103.55,727405,0.307,18924,,1.585,19512.0,18336.0
2025-03-26,1760,2477,1617,1348,622.72,138.2,58.41,103.56,756297,0.32,19227,,1.585,19824.0,18630.0
2025-03-27,1786,2448,1662,1380,620.62,138.02,57.89,103.08,741097,0.313,19115,,1.585,19709.0,18521.0
2025-03-28,1762,2394,1655,1410,613.99,136.97,57.04,102.73,737771,0.308,18672,,1.585,19252.0,18092.0
2025-03-29,1777,2405,1634,1377,617.24,136.05,57.17,102.84,778514,0.327,19232,,1.585,19829.0,18635.0
2025-03-30,1765,2348,1637,1380,608.88,134.89,56.7,102.67,773621,0.32,18943,,1.585,19531.0,18355.0
2025-03-31,1748,2504,1618,1370,608.54,134.6,56.61,102.96,773621,0.32,18601,,1.586,19179.0,18023.0
2025-04-01,1747,2362,1648,1365,613.88,136.12,57.54,103.22,782109,0.326,18634,,1.586,19213.0,18055.0
2025-04-02,1724,2369,1622,1343,615.74,135.17,57.18,103.41,762498,0.319,18766,,1.586,19349.0,18183.0
2025-04-03,1713,2352,1592,1315,625.48,135.43,56.64,103.87,764590,0.325,18801,,1.586,19385.0,18217.0
2025-04-04,1686,2341,1589,1341,630.86,134.68,56.32,103.85,805236,0.345,18228,,1.586,18795.0,17661.0
2025-04-05,1739,2436,1621,1389,628.59,134.42,56.04,104.01,770106,0.329,18891,,1.586,19478.0,18304.0
2025-04-06,1743,2444,1631,1329,629.43,132.67,56.0,103.86,786170,0.336,19224,,1.586,19822.0,18626.0
2025-04-07,1728,2359,1666,1330,629.92,132.49,56.23,104.47,776561,0.333,18817,,1.587,19402.0,18232.0
2025-04-08,1737,2389,1666,1350,623.49,132.35,55.46,104.95,750048,0.318,18748,,1.587,19331.0,18165.0
2025-04-09,1737,2410,1600,1338,620.08,133.1,55.8,104.93,748391,0.316,18721,,1.587,19303.0,18139.0
2025-04-10,1735,2383,1651,1362,618.46,133.45,56.64,105.01,771647,0.325,18615,,1.587,19194.0,18036.0
2025-04-11,1753,2492,1668,1355,610.22,132.1,55.68,105.32,797426,0.331,18644,,1.587,19224.0,18064.0
2025-04-12,1775,2472,1640,1424,611.53,133.51,56.25,105.26,794644,0.33,19205,,1.587,19802.0,18608.0
2025-04-13,1765,2469,1680,1398,611.47,133.86,55.74,105.06,797748,0.332,18763,,1.587,19347.0,18179.0
2025-04-14,1754,2450,1687,1372,605.02,134.18,56.63,105.26,770429,0.317,18750,,1.587,19333.0,18167.0
2025-04-15,1750,2468,1617,1384,608.04,134.26,56.02,105.25,810651,0.335,18911,,1.588,19500.0,18322.0
2025-04-16,1696,2349,1571,1343,612.4,133.73,55.71,105.26,773098,0.322,18100,,1.588,18663.0,17537.0
2025-04-17,1662,2236,1588,1287,614.47,134.09,56.18,105.02,791902,0.331,17900,,1.588,18457.0,17343.0
2025-04-18,1702,2366,1606,1313,614.02,134.76,56.36,104.57,789673,0.33,18530,,1.588,19107.0,17953.0
2025-04-19,1747,2382,1656,1364,617.7,132.75,55.67,104.61,788318,0.331,18951,,1.588,19541.0,18361.0
2025-04-20,1745,2384,1648,1376,621.71,132.23,54.96,104.82,812081,0.343,18895,,1.588,19483.0,18307.0
2025-04-21,1763,2459,1667,1378,623.95,132.05,55.85,104.75,782481,0.332,19276,,1.588,19876.0,18676.0
2025-04-22,1774,2504,1635,1356,621.06,132.5,56.1,105.09,773848,0.327,19328,,1.588,19930.0,18726.0
2025-04-23,1855,2561,1770,1432,623.18,134.07,55.53,104.89,795403,0.337,20081,,1.589,20706.0,19456.0
2025-04-24,1885,2615,1801,1469,629.39,133.25,56.36,104.6,790096,0.338,20328,,1.589,20961.0,19695.0
2025-04-25,1884,2677,1765,1468,627.41,132.78,55.44,104.57,847721,0.362,20452,,1.589,21089.0,19815.0
2025-04-26,1862,2581,1749,1488,637.59,132.31,55.91,104.53,808152,0.35,20407,,1.589,21043.0,19771.0
2025-04-27,1825,2635,1677,1398,635.76,131.49,55.2,104.71,792786,0.343,19924,,1.589,20545.0,19303.0
2025-04-28,1833,2555,1736,1439,636.47,131.24,55.13,104.5,783982,0.339,20132,,1.589,20759.0,19505.0
2025-04-29,1817,2428,1722,1444,634.0,132.33,55.5,104.83,772493,0.333,19620,,1.589,20231.0,19009.0
2025-04-30,1785,2497,1676,1433,635.6,131.22,55.6,105.3,786170,0.34,19359,,1.589,19962.0,18756.0
2025-05-01,1772,2463,1694,1375,628.33,131.91,54.9,105.26,804098,0.344,19358,,1.589,19961.0,18755.0
2025-05-02,1749,2472,1636,1373,626.58,130.03,54.86,105.54,824586,0.351,19058,,1.59,19652.0,18464.0
2025-05-03,1796,2509,1702,1411,622.4,129.55,54.85,105.24,820779,0.347,19428,,1.59,20033.0,18823.0
2025-05-04,1822,2508,1687,1425,623.83,129.36,54.62,105.48,808142,0.343,19548,,1.59,20157.0,18939.0
2025-05-05,1825,2464,1715,1422,629.09,131.58,56.19,105.71,800586,0.342,19862,,1.59,20481.0,19243.0
2025-05-06,1866,2565,1750,1463,632.67,131.43,54.99,105.89,810167,0.349,20331,,1.59,20965.0,19697.0
2025-05-07,1871,2543,1764,1414,622.59,128.97,54.55,105.84,799032,0.338,20280,,1.59,20912.0,19648.0
2025-05-08,1852,2530,1732,1457,632.58,126.8,53.21,105.06,833238,0.358,20249,,1.59,20880.0,19618.0
2025-05-09,1893,2639,1777,1479,634.5,127.1,53.87,104.88,805250,0.347,20610,,1.59,21252.0,19968.0
2025-05-10,1910,2710,1816,1486,631.55,128.09,53.79,104.7,807391,0.347,20886,,1.59,21537.0,20235.0
2025-05-11,1886,2621,1762,1508,632.86,128.78,53.93,104.44,776022,0.334,20318,,1.591,20952.0,19684.0
2025-05-12,1884,2547,1731,1458,634.23,129.22,54.79,104.45,806874,0.348,20601,,1.591,21243.0,19959.0
2025-05-13,1865,2594,1797,1448,631.76,130.84,54.76,104.34,822872,0.354,20142,,1.591,20770.0,19514.0
2025-05-14,1834,2585,1759,1466,633.23,130.4,54.2,104.12,794802,0.342,19901,,1.591,20522.0,19280.0
2025-05-15,1861,2541,1717,1437,631.05,131.69,55.1,103.85,800023,0.343,20096,,1.591,20723.0,19469.0
2025-05-16,1912,2633,1815,1482,629.81,129.93,54.82,103.67,823614,0.353,20866,,1.591,21517.0,20215.0
2025-05-17,1880,2595,1754,1464,627.32,129.07,54.76,103.95,789985,0.337,20343,,1.591,20977.0,19709.0
2025-05-18,1897,2583,1790,1495,621.52,127.14,53.44,103.78,828387,0.35,20497,,1.591,21136.0,19858.0
2025-05-19,1884,2629,1778,1473,622.93,127.08,53.9,103.65,804895,0.341,20214,,1.591,20844.0,19584.0
2025-05-20,1875,2582,1756,1439,626.28,127.3,52.92,103.54,807378,0.344,20280,,1.592,20913.0,19647.0
2025-05-21,1863,2590,1732,1444,629.24,127.71,53.46,103.63,796651,0.341,20138,,1.592,20766.0,19510.0
2025-05-22,1845,2506,1717,1428,633.51,128.05,53.66,103.75,819454,0.353,20207,,1.592,20838.0,19576.0
2025-05-23,1850,2533,1716,1442,635.45,127.2,53.38,102.99,850928,0.368,20183,,1.592,20813.0,19553.0
2025-05-24,1833,2562,1702,1437,633.49,127.25,53.48,103.26,825972,0.356,20215,,1.592,20846.0,19584.0
2025-05-25,1844,2527,1731,1446,637.74,125.73,53.08,103.63,801476,0.348,19982,,1.592,20606.0,19358.0
2025-05-26,1846,2625,1718,1408,632.01,127.67,53.44,103.37,831638,0.357,20073,,1.592,20699.0,19447.0
2025-05-27,1844,2527,1750,1457,628.44,127.58,53.64,103.14,809989,0.346,20254,,1.592,20886.0,19622.0
2025-05-28,1825,2529,1753,1428,624.64,127.27,53.43,103.04,835463,0.355,19802,,1.592,20420.0,19184.0
2025-05-29,1815,2546,1691,1440,630.11,129.46,54.0,102.87,827025,0.354,19664,,1.592,20278.0,19050.0
2025-05-30,1838,2472,1734,1442,634.85,128.22,53.81,102.94,770829,0.333,20049,,1.592,20675.0,19423.0
2025-05-31,1854,2480,1756,1466,637.43,127.14,53.34,102.47,799937,0.347,20222,,1.593,20853.0,19591.0
2025-06-01,1833,2461,1735,1438,642.59,126.11,52.9,102.22,829159,0.362,20109,,1.593,20737.0,19481.0
2025-06-02,1840,2596,1731,1459,638.85,126.33,53.07,102.63,817235,0.355,20059,,1.593,20685.0,19433.0
2025-06-03,1862,2545,1769,1462,640.7,127.15,53.43,102.43,799542,0.348,20740,,1.593,21388.0,20092.0
2025-06-04,1824,2632,1727,1421,640.37,128.33,53.73,102.76,805305,0.351,20008,,1.593,20633.0,19383.0
2025-06-05,1842,2516,1700,1477,644.42,131.69,55.82,102.87,786098,0.344,20004,,1.593,20629.0,19379.0
2025-06-06,1829,2532,1741,1442,644.04,129.22,53.8,102.44,813220,0.356,20334,,1.593,20969.0,19699.0
2025-06-07,1847,2618,1758,1451,642.45,130.21,54.4,102.63,847532,0.37,20445,,1.593,21083.0,19807.0
2025-06-08,1831,2617,1702,1405,645.04,129.79,55.62,102.62,826245,0.362,20127,,1.593,20755.0,19499.0
2025-06-09,1790,2562,1683,1373,649.08,129.34,53.91,102.53,846797,0.374,19805,,1.593,20423.0,19187.0
2025-06-10,1753,2474,1665,1373,646.08,128.86,53.58,102.62,826920,0.363,19550,,1.594,20161.0,18939.0
2025-06-11,1759,2474,1648,1375,645.87,128.04,54.07,102.76,828811,0.364,19499,,1.594,20108.0,18890.0
2025-06-12,1770,2469,1691,1370,641.15,130.34,53.91,102.96,842698,0.367,19356,,1.594,19961.0,18751.0
2025-06-13,1752,2453,1706,1369,630.05,131.6,55.18,103.27,818405,0.351,19402,,1.594,20008.0,18796.0
2025-06-14,1772,2421,1646,1411,631.29,131.86,56.24,103.38,809570,0.348,19342,,1.594,19946.0,18738.0
2025-06-15,1735,2357,1596,1366,634.34,133.7,55.54,103.04,827474,0.357,19285,,1.594,19888.0,18682.0
2025-06-16,1738,2398,1641,1335,635.76,132.09,54.68,102.94,833369,0.36,19321,,1.594,19925.0,18717.0
2025-06-17,1712,2355,1627,1333,627.18,130.72,54.3,103.69,803913,0.343,18604,,1.594,19185.0,18023.0
2025-06-18,1701,2327,1593,1312,625.96,128.35,54.26,103.88,799813,0.34,18705,,1.594,19289.0,18121.0
2025-06-19,1707,2387,1641,1324,616.35,127.79,54.12,104.47,812216,0.34,18434,,1.594,19010.0,17858.0
2025-06-20,1690,2375,1555,1311,623.06,128.27,53.67,104.8,822076,0.348,18248,,1.594,18818.0,17678.0
2025-06-21,1685,2330,1602,1306,618.58,128.67,54.32,104.84,821019,0.345,18301,,1.594,18873.0,17729.0
2025-06-22,1715,2434,1597,1315,624.71,129.13,54.79,104.9,787102,0.334,18730,,1.595,19316.0,18144.0
2025-06-23,1705,2302,1646,1328,629.32,127.7,54.35,104.87,836530,0.358,18694,,1.595,19278.0,18110.0
2025-06-24,1731,2379,1677,1340,625.51,128.95,54.06,104.41,797604,0.339,18828,,1.595,19417.0,18239.0
2025-06-25,1706,2322,1585,1278,620.72,129.51,53.47,104.4,802585,0.339,18698,,1.595,19283.0,18113.0
2025-06-26,1724,2295,1606,1381,622.68,130.65,54.55,104.69,792335,0.335,18754,,1.595,19340.0,18168.0
2025-06-27,1763,2430,1679,1395,619.22,128.63,53.85,104.53,845638,0.356,19077,,1.595,19673.0,18481.0
2025-06-28,1705,2347,1593,1323,620.08,129.27,54.19,104.62,808058,0.341,18631,,1.595,19213.0,18049.0
2025-06-29,1689,2399,1586,1318,618.27,128.11,53.73,104.81,790900,0.333,18354,,1.595,18928.0,17780.0
2025-06-30,1707,2384,1605,1311,610.65,127.92,54.17,104.56,815837,0.339,18132,,1.595,18699.0,17565.0
2025-07-01,1706,2308,1556,1361,601.14,128.84,54.62,104.44,813604,0.333,18318,,1.595,18891.0,17745.0
2025-07-02,1719,2455,1615,1375,602.87,129.22,54.2,104.17,798416,0.327,18438,,1.595,19014.0,17862.0
2025-07-03,1707,2411,1587,1334,601.0,128.46,54.39,103.96,812982,0.332,18274,,1.595,18845.0,17703.0
2025-07-04,1713,2389,1597,1354,599.2,128.74,54.21,103.63,787110,0.321,18361,,1.596,18935.0,17787.0
2025-07-05,1712,2352,1645,1338,603.04,127.17,53.44,103.41,791189,0.324,18231,,1.596,18801.0,17661.0
2025-07-06,1744,2364,1608,1336,608.93,128.84,54.48,103.77,767500,0.318,18724,,1.596,19310.0,18138.0
2025-07-07,1753,2403,1668,1360,608.19,128.86,54.15,103.54,776841,0.321,18587,,1.596,19168.0,18006.0
2025-07-08,1764,2483,1651,1378,607.15,130.47,55.62,103.58,822839,0.34,18998,,1.596,19592.0,18404.0
2025-07-09,1756,2508,1643,1361,609.9,130.07,54.06,103.46,819348,0.34,19140,,1.596,19739.0,18541.0
2025-07-10,1746,2478,1661,1358,604.22,129.69,54.26,103.76,794693,0.327,18554,,1.596,19134.0,17974.0
2025-07-11,1737,2375,1641,1353,605.75,129.02,54.14,104.09,817609,0.337,18562,,1.596,19143.0,17981.0
2025-07-12,1749,2363,1658,1363,608.72,130.33,54.91,104.3,789200,0.327,18684,,1.596,19268.0,18100.0
2025-07-13,1741,2408,1660,1359,612.19,129.71,54.99,104.37,786866,0.328,18753,,1.596,19340.0,18166.0
2025-07-14,1750,2335,1637,1346,603.81,130.73,54.9,104.3,790259,0.324,18571,,1.596,19152.0,17990.0
2025-07-15,1804,2504,1680,1394,600.86,130.5,54.24,103.99,786411,0.321,19226,,1.596,19827.0,18625.0
2025-07-16,1827,2514,1690,1402,597.44,128.36,54.25,104.47,783911,0.318,19443,,1.596,20051.0,18835.0
2025-07-17,1819,2489,1689,1437,598.47,127.94,54.04,104.27,803124,0.327,19384,,1.597,19991.0,18777.0
2025-07-18,1850,2481,1813,1405,601.19,126.79,52.47,104.42,787039,0.322,19426,,1.597,20034.0,18818.0
2025-07-19,1840,2562,1761,1456,608.41,127.11,53.38,104.68,794270,0.329,19787,,1.597,20406.0,19168.0
2025-07-20,1789,2445,1648,1421,606.5,125.96,52.27,104.52,797830,0.329,19256,,1.597,19859.0,18653.0
2025-07-21,1765,2383,1626,1371,604.61,127.36,53.23,104.77,786940,0.324,18958,,1.597,19551.0,18365.0
2025-07-22,1720,2244,1629,1295,610.16,127.52,53.2,104.94,765303,0.318,18505,,1.597,19084.0,17926.0
2025-07-23,1713,2363,1624,1330,611.75,127.57,53.9,105.35,758286,0.315,18429,,1.597,19006.0,17852.0
2025-07-24,1716,2447,1626,1337,617.66,128.62,54.07,105.2,779516,0.327,18684,,1.597,19269.0,18099.0
2025-07-25,1760,2503,1648,1354,619.03,130.02,54.09,104.85,773403,0.326,19238,,1.597,19840.0,18636.0
2025-07-26,1769,2421,1660,1371,613.85,130.22,55.04,104.7,775954,0.324,18909,,1.597,19501.0,18317.0
2025-07-27,1765,2409,1667,1404,607.98,129.51,53.82,104.74,773057,0.32,19015,,1.597,19610.0,18420.0
2025-07-28,1787,2487,1682,1406,601.22,127.61,53.73,104.73,810691,0.331,19049,,1.597,19645.0,18453.0
2025-07-29,1733,2346,1573,1335,604.55,127.04,53.03,104.61,750608,0.309,18459,,1.597,19037.0,17881.0
2025-07-30,1741,2416,1630,1329,610.17,126.55,53.01,104.12,739321,0.307,18434,,1.597,19011.0,17857.0
2025-07-31,1762,2466,1635,1368,618.64,126.95,53.52,104.23,772751,0.325,18983,,1.598,19578.0,18388.0
2025-08-01,1726,2437,1627,1343,622.39,126.79,53.46,104.72,760699,0.322,18586,,1.598,19168.0,18004.0
2025-08-02,1757,2420,1726,1379,627.5,127.87,54.24,104.81,769653,0.328,19046,,1.598,19643.0,18449.0
2025-08-03,1767,2429,1670,1368,624.65,127.37,53.46,104.95,772224,0.328,19030,,1.598,19626.0,18434.0
2025-08-04,1758,2386,1645,1380,619.25,127.55,53.69,105.07,781268,0.329,18952,,1.598,19546.0,18358.0
2025-08-05,1775,2413,1692,1420,622.97,129.21,54.09,105.14,737926,0.313,19109,,1.598,19708.0,18510.0
2025-08-06,1833,2520,1735,1445,624.66,129.83,54.6,105.35,750699,0.319,19791,,1.598,20411.0,19171.0
2025-08-07,1838,2554,1739,1433,624.91,129.96,54.76,105.41,763986,0.325,19665,,1.598,20281.0,19049.0
2025-08-08,1845,2587,1750,1436,626.39,129.43,54.32,105.3,767605,0.327,19780,,1.598,20400.0,19160.0
2025-08-09,1834,2495,1775,1424,627.55,128.88,53.41,105.07,787432,0.336,19943,,1.598,20568.0,19318.0
2025-08-10,1813,2570,1676,1436,633.0,128.06,53.92,104.99,767339,0.33,19648,,1.598,20263.0,19033.0
2025-08-11,1835,2520,1737,1420,638.37,127.63,53.75,105.04,750614,0.326,20141,,1.598,20772.0,19510.0
2025-08-12,1814,2503,1682,1416,640.25,128.76,53.81,104.94,736563,0.321,19839,,1.598,20460.0,19218.0
2025-08-13,1817,2474,1722,1418,643.43,128.7,53.54,104.99,739900,0.324,19968,,1.598,20593.0,19343.0
2025-08-14,1806,2384,1675,1400,645.05,127.28,54.05,105.08,737910,0.324,19979,,1.598,20605.0,19353.0
2025-08-15,1819,2551,1700,1394,642.23,129.62,54.64,105.26,755057,0.33,19890,,1.598,20513.0,19267.0
2025-08-16,1829,2557,1712,1432,644.93,130.18,54.59,105.55,747504,0.328,19978,,1.599,20604.0,19352.0
2025-08-17,1856,2548,1769,1446,637.89,128.67,53.58,105.54,722208,0.313,20256,,1.599,20891.0,19621.0
2025-08-18,1843,2547,1756,1447,642.0,128.33,53.57,105.18,733932,0.32,20178,,1.599,20810.0,19546.0
2025-08-19,1837,2559,1696,1424,635.9,128.65,54.55,105.06,752035,0.325,19975,,1.599,20601.0,19349.0
2025-08-20,1814,2433,1706,1437,636.56,130.88,55.03,105.05,742542,0.321,19923,,1.599,20547.0,19299.0
2025-08-21,1804,2466,1678,1391,632.12,129.7,54.26,104.56,744187,0.32,19569,,1.599,20182.0,18956.0
2025-08-22,1815,2540,1674,1446,634.04,131.04,55.24,104.9,739787,0.319,19727,,1.599,20345.0,19109.0
2025-08-23,1835,2476,1720,1400,633.27,132.86,55.48,104.91,756822,0.326,19945,,1.599,20570.0,19320.0
2025-08-24,1813,2515,1696,1422,625.48,132.22,56.13,104.98,734344,0.312,19447,,1.599,20056.0,18838.0
2025-08-25,1836,2473,1787,1441,626.91,132.0,55.98,105.3,723388,0.308,19798,,1.599,20418.0,19178.0
2025-08-26,1871,2603,1770,1445,623.8,130.88,54.78,105.11,713814,0.303,20236,,1.599,20870.0,19602.0
2025-08-27,1882,2595,1734,1475,627.31,130.77,54.67,105.23,729664,0.311,20310,,1.599,20947.0,19673.0
2025-08-28,1929,2589,1799,1528,626.78,130.86,53.91,105.17,687678,0.293,20641,,1.599,21288.0,19994.0
2025-08-29,1909,2687,1820,1449,628.03,131.77,54.75,105.1,719891,0.307,20501,,1.599,21144.0,19858.0
2025-08-30,1878,2559,1818,1474,623.15,133.19,55.41,104.88,717934,0.304,20174,,1.599,20806.0,19542.0
2025-08-31,1834,2495,1684,1386,620.01,132.38,55.65,105.28,698920,0.295,19709,,1.599,20327.0,19091.0
2025-09-01,1873,2593,1713,1443,617.52,130.12,54.52,105.15,703829,0.296,20042,,1.599,20670.0,19414.0
2025-09-02,1889,2659,1823,1503,620.98,130.22,54.15,105.3,728265,0.308,20194,,1.6,20827.0,19561.0
2025-09-03,1888,2560,1785,1462,628.06,130.69,54.78,104.8,717948,0.307,20353,,1.6,20991.0,19715.0
2025-09-04,1896,2619,1760,1457,623.81,131.11,55.27,105.08,714384,0.303,20368,,1.6,21007.0,19729.0
2025-09-05,1868,2596,1769,1453,628.11,130.82,55.15,105.31,715824,0.306,19985,,1.6,20612.0,19358.0
2025-09-06,1929,2694,1748,1542,617.71,131.07,54.29,105.31,710992,0.299,20563,,1.6,21208.0,19918.0
2025-09-07,1932,2674,1816,1474,611.89,132.99,55.8,105.22,726623,0.302,20246,,1.6,20881.0,19611.0
2025-09-08,1934,2653,1826,1490,607.25,133.51,55.52,105.29,708212,0.292,20479,,1.6,21121.0,19837.0
2025-09-09,1952,2657,1858,1550,600.91,133.12,56.27,105.84,682872,0.279,20533,,1.6,21177.0,19889.0
2025-09-10,1963,2713,1820,1565,593.65,132.58,56.0,105.35,727587,0.294,20621,,1.6,21268.0,19974.0
2025-09-11,1968,2668,1852,1533,595.51,132.44,55.26,105.52,707084,0.286,20521,,1.6,21165.0,19877.0
2025-09-12,1947,2556,1807,1497,594.51,134.46,56.17,105.26,691090,0.279,20356,,1.6,20994.0,19718.0
2025-09-13,1958,2722,1847,1565,596.19,134.27,56.21,105.22,679533,0.275,20605,,1.6,21251.0,19959.0
2025-09-14,2004,2807,1862,1592,599.22,134.27,55.49,105.13,702685,0.286,21147,,1.6,21810.0,20484.0
2025-09-15,2036,2704,1904,1601,600.28,133.72,56.3,105.0,693408,0.283,21291,,1.6,21959.0,20623.0
2025-09-16,2074,2817,1925,1603,603.07,135.07,56.62,104.97,717204,0.294,21768,,1.6,22451.0,21085.0
2025-09-17,2059,2869,1952,1605,602.53,137.43,58.11,104.66,686838,0.281,21669,,1.6,22349.0,20989.0
2025-09-18,2032,2896,1931,1582,596.96,137.94,57.49,104.9,677908,0.275,20986,,1.6,21644.0,20328.0
2025-09-19,2026,2797,1899,1587,601.6,138.0,57.71,104.43,702357,0.287,21191,,1.6,21856.0,20526.0
2025-09-20,2026,2763,1905,1606,598.72,137.99,57.35,104.56,701259,0.286,21342,,1.6,22011.0,20673.0
2025-09-21,2051,2822,1892,1616,594.34,135.08,56.33,104.46,688380,0.278,21455,,1.601,22128.0,20782.0
2025-09-22,2007,2831,1879,1546,593.45,135.97,56.63,104.15,694476,0.28,20939,,1.601,21596.0,20282.0
2025-09-23,2043,2790,1919,1618,589.26,136.1,57.56,104.2,682256,0.273,20987,,1.601,21646.0,20328.0
2025-09-24,2037,2775,1980,1594,587.38,136.59,57.09,103.8,684831,0.274,21079,,1.601,21740.0,20418.0
2025-09-25,2024,2772,1875,1591,588.96,135.69,57.04,103.81,697311,0.279,20931,,1.601,21588.0,20274.0
2025-09-26,1997,2713,1914,1584,590.52,135.2,56.63,103.45,687741,0.276,20782,,1.601,21434.0,20130.0
2025-09-27,1954,2702,1862,1504,586.44,134.68,56.06,103.58,674359,0.269,20136,,1.601,20768.0,19504.0
2025-09-28,1974,2797,1862,1539,584.28,135.89,57.01,103.35,695734,0.276,20306,,1.601,20943.0,19669.0
2025-09-29,1974,2739,1900,1530,589.18,135.39,57.1,103.25,638539,0.256,20167,,1.601,20800.0,19534.0
2025-09-30,1941,2667,1834,1486,591.38,137.85,57.42,103.33,703370,0.283,20379,,1.601,21018.0,19740.0
2025-10-01,1908,2620,1803,1494,600.64,138.29,58.41,103.15,645590,0.264,19901,,1.601,20525.0,19277.0
2025-10-02,1899,2551,1784,1527,605.68,136.67,57.06,103.15,660378,0.272,19987,,1.601,20614.0,19360.0
2025-10-03,1941,2718,1855,1481,610.46,136.45,57.12,102.78,667791,0.277,20465,,1.601,21107.0,19823.0
2025-10-04,1934,2665,1845,1508,603.74,135.61,57.17,102.96,664843,0.273,20159,,1.601,20792.0,19526.0
2025-10-05,1896,2608,1766,1490,606.83,132.92,55.56,103.42,680788,0.281,19837,,1.601,20459.0,19215.0
2025-10-06,1890,2752,1743,1476,606.18,134.82,56.64,104.12,648491,0.267,19739,,1.601,20358.0,19120.0
2025-10-07,1883,2612,1765,1467,603.3,135.61,56.83,104.14,666954,0.274,19699,,1.601,20317.0,19081.0
2025-10-08,1816,2472,1687,1393,603.71,136.19,57.25,104.33,653070,0.268,19148,,1.601,19749.0,18547.0
2025-10-09,1816,2487,1706,1421,607.61,136.31,56.3,103.87,664888,0.275,19092,,1.601,19691.0,18493.0
2025-10-10,1812,2552,1734,1400,609.43,134.57,55.79,104.25,658225,0.273,19370,,1.601,19978.0,18762.0
2025-10-11,1831,2531,1709,1388,605.0,133.93,56.5,104.43,659344,0.271,19401,,1.601,20010.0,18792.0
2025-10-12,1878,2527,1764,1486,607.95,134.89,57.07,104.3,648473,0.268,19870,,1.602,20494.0,19246.0
2025-10-13,1907,2673,1794,1505,604.63,133.56,55.73,104.6,647861,0.266,19988,,1.602,20616.0,19360.0
2025-10-14,1900,2592,1807,1483,605.22,130.47,54.7,104.52,658631,0.271,20149,,1.602,20782.0,19516.0
2025-10-15,1873,2669,1704,1465,603.46,130.19,54.8,104.39,667306,0.274,19661,,1.602,20278.0,19044.0
2025-10-16,1938,2723,1807,1531,602.11,130.01,54.88,104.5,643025,0.263,20258,,1.602,20894.0,19622.0
2025-10-17,1939,2656,1828,1517,605.21,130.17,53.86,104.22,637837,0.262,20333,,1.602,20971.0,19695.0
2025-10-18,1940,2734,1853,1529,600.13,131.03,54.68,104.46,658960,0.269,20360,,1.602,20999.0,19721.0
2025-10-19,1939,2679,1810,1507,608.58,131.77,55.21,104.19,648180,0.268,20455,,1.602,21097.0,19813.0
2025-10-20,1944,2721,1780,1540,599.92,132.03,55.74,103.92,660057,0.269,20257,,1.602,20893.0,19621.0
2025-10-21,1940,2699,1839,1519,596.93,133.42,57.04,103.69,632965,0.257,20121,,1.602,20753.0,19489.0
2025-10-22,1926,2619,1794,1505,598.36,131.53,55.15,103.88,618835,0.252,20118,,1.602,20750.0,19486.0
2025-10-23,1912,2610,1768,1469,600.72,132.09,54.91,103.72,636528,0.26,20061,,1.602,20691.0,19431.0
2025-10-24,1912,2685,1781,1496,599.95,132.78,55.93,103.39,632046,0.258,19905,,1.602,20530.0,19280.0
2025-10-25,1899,2605,1780,1466,599.4,131.23,55.64,103.24,641401,0.261,19639,,1.602,20256.0,19022.0
2025-10-26,1882,2578,1754,1456,600.96,129.37,54.38,103.25,632095,0.258,19644,,1.602,20261.0,19027.0
2025-10-27,1885,2559,1717,1456,599.6,128.45,53.59,102.96,651850,0.266,19797,,1.602,20419.0,19175.0
2025-10-28,1880,2613,1790,1447,605.58,127.65,54.0,102.69,635524,0.262,19949,,1.602,20575.0,19323.0
2025-10-29,1919,2741,1835,1535,608.95,128.55,54.26,103.24,641238,0.266,20033,,1.602,20662.0,19404.0
2025-10-30,1853,2509,1758,1469,612.41,127.79,53.26,103.04,640504,0.267,19529,,1.602,20142.0,18916.0
2025-10-31,1882,2598,1740,1502,607.52,126.76,53.39,102.97,640246,0.264,19739,,1.602,20359.0,19119.0
2025-11-01,1914,2705,1794,1471,606.73,126.03,53.33,102.9,636168,0.262,20247,,1.602,20883.0,19611.0
2025-11-02,1863,2567,1751,1454,604.96,127.38,53.97,102.81,643421,0.265,19566,,1.602,20180.0,18952.0
2025-11-03,1856,2581,1759,1424,600.05,127.39,53.48,102.99,623084,0.254,19277,,1.602,19882.0,18672.0
2025-11-04,1848,2503,1754,1429,601.39,127.16,53.26,103.24,655292,0.268,19456,,1.602,20067.0,18845.0
2025-11-05,1815,2524,1687,1399,598.66,127.02,53.84,103.17,630060,0.256,18922,,1.603,19517.0,18327.0
2025-11-06,1797,2472,1692,1424,601.36,128.56,53.51,102.88,613268,0.251,18669,,1.603,19256.0,18082.0
2025-11-07,1772,2490,1677,1375,596.25,127.62,53.78,103.21,635121,0.258,18421,,1.603,19000.0,17842.0
2025-11-08,1819,2563,1746,1438,603.79,129.17,53.71,103.2,618917,0.254,19280,,1.603,19886.0,18674.0
2025-11-09,1844,2662,1751,1450,599.42,129.38,54.76,103.65,641076,0.261,19341,,1.603,19949.0,18733.0
2025-11-10,1878,2618,1785,1506,600.16,129.13,54.13,103.09,663677,0.271,19692,,1.603,20311.0,19073.0
2025-11-11,1897,2633,1785,1453,603.47,132.08,55.98,103.15,618198,0.254,19809,,1.603,20431.0,19187.0
2025-11-12,1870,2589,1793,1481,600.58,130.71,55.1,103.64,634473,0.259,19588,,1.603,20203.0,18973.0
2025-11-13,1858,2548,1757,1470,604.16,130.21,54.2,103.56,602671,0.248,19471,,1.603,20083.0,18859.0
2025-11-14,1872,2598,1738,1442,598.3,128.65,54.6,103.51,635357,0.258,19571,,1.603,20186.0,18956.0
2025-11-15,1842,2529,1767,1455,604.64,129.74,55.11,103.59,614833,0.253,19325,,1.603,19932.0,18718.0
2025-11-16,1862,2577,1768,1458,604.38,131.7,55.67,103.45,618345,0.254,19608,,1.603,20224.0,18992.0
2025-11-17,1857,2622,1735,1444,601.38,133.6,55.81,103.38,610824,0.25,19402,,1.603,20012.0,18792.0
2025-11-18,1849,2506,1726,1427,599.79,134.94,56.55,103.3,637978,0.26,19224,,1.603,19828.0,18620.0
2025-11-19,1868,2629,1764,1444,603.22,134.54,56.57,103.16,641786,0.263,19516,,1.603,20129.0,18903.0
2025-11-20,1880,2654,1779,1504,600.32,133.96,55.98,103.48,626736,0.256,19401,,1.603,20011.0,18791.0
2025-11-21,1872,2578,1765,1460,596.74,131.81,56.04,103.6,613154,0.249,19722,,1.603,20342.0,19102.0
2025-11-22,1902,2529,1796,1498,595.61,134.14,56.4,103.67,649727,0.263,19922,,1.603,20548.0,19296.0
2025-11-23,1875,2560,1805,1448,590.22,134.55,55.43,103.87,614420,0.247,19313,,1.603,19920.0,18706.0
2025-11-24,1891,2668,1804,1461,598.43,133.81,56.34,103.8,593065,0.241,19621,,1.603,20237.0,19005.0
2025-11-25,1906,2630,1797,1506,595.74,135.26,56.67,103.61,632218,0.256,19757,,1.603,20378.0,19136.0
2025-11-26,1899,2575,1808,1457,599.4,133.92,56.22,103.46,608646,0.248,19957,,1.603,20584.0,19330.0
2025-11-27,1907,2609,1767,1480,600.19,134.26,56.24,103.47,639950,0.261,19749,,1.603,20369.0,19129.0
2025-11-28,1875,2626,1773,1463,595.61,133.9,56.56,103.21,619336,0.251,19518,,1.603,20131.0,18905.0
2025-11-29,1899,2645,1830,1483,595.53,134.51,56.94,103.1,634068,0.257,19745,,1.603,20365.0,19125.0
2025-11-30,1894,2603,1775,1474,599.01,134.27,56.51,102.98,646023,0.263,19883,,1.603,20508.0,19258.0
2025-12-01,1880,2578,1746,1474,598.06,132.37,55.46,103.53,606883,0.247,19557,,1.603,20171.0,18943.0
2025-12-02,1906,2613,1776,1499,603.35,132.33,55.56,102.84,616571,0.253,19712,,1.603,20331.0,19093.0
2025-12-03,1888,2564,1748,1486,607.77,133.46,56.06,102.82,623997,0.258,19795,,1.604,20417.0,19173.0
2025-12-04,1852,2629,1722,1427,611.64,133.27,55.65,103.27,648295,0.27,19461,,1.604,20073.0,18849.0
2025-12-05,1813,2488,1695,1409,609.25,134.05,56.53,103.31,615484,0.255,19105,,1.604,19706.0,18504.0
2025-12-06,1829,2579,1684,1448,604.12,132.64,55.89,103.51,616599,0.253,19343,,1.604,19951.0,18735.0
2025-12-07,1797,2548,1689,1418,601.21,132.47,56.25,103.54,632872,0.259,18634,,1.604,19220.0,18048.0
2025-12-08,1841,2586,1753,1411,602.0,131.58,55.76,103.38,617254,0.253,19167,,1.604,19770.0,18564.0
2025-12-09,1789,2449,1659,1402,604.36,132.35,55.31,102.82,628440,0.258,18734,,1.604,19323.0,18145.0
2025-12-10,1831,2546,1760,1393,594.46,132.25,55.87,102.9,603147,0.244,18981,,1.604,19578.0,18384.0
2025-12-11,1836,2533,1739,1433,594.5,132.94,55.45,102.72,659930,0.267,19263,,1.604,19869.0,18657.0
2025-12-12,1833,2489,1749,1464,595.29,134.1,56.6,102.54,606822,0.246,19043,,1.604,19642.0,18444.0
2025-12-13,1819,2525,1693,1402,594.12,134.76,56.39,102.44,622562,0.252,18983,,1.604,19580.0,18386.0
2025-12-14,1828,2470,1740,1411,600.05,134.92,56.26,102.9,627279,0.256,19047,,1.604,19646.0,18448.0
2025-12-15,1826,2574,1690,1438,601.95,133.54,56.2,103.52,656862,0.269,19214,,1.604,19818.0,18610.0
2025-12-16,1853,2536,1764,1418,607.82,133.38,54.95,103.58,608731,0.252,19548,,1.604,20163.0,18933.0
2025-12-17,1854,2568,1747,1435,606.72,132.58,54.98,103.47,658818,0.272,19452,,1.604,20064.0,18840.0
2025-12-18,1857,2575,1759,1459,610.84,132.03,55.38,103.18,640907,0.266,19685,,1.604,20304.0,19066.0
2025-12-19,1846,2536,1706,1428,618.03,131.44,55.24,103.31,636319,0.267,19592,,1.604,20208.0,18976.0
2025-12-20,1843,2569,1710,1433,623.63,130.14,54.51,103.77,615832,0.261,19730,,1.604,20350.0,19110.0
2025-12-21,1849,2530,1753,1455,618.32,127.68,53.0,103.71,639735,0.269,19603,,1.604,20219.0,18987.0
2025-12-22,1804,2529,1672,1415,616.89,126.81,52.93,103.11,620908,0.26,19174,,1.604,19777.0,18571.0
2025-12-23,1769,2381,1674,1385,615.09,126.99,53.49,103.3,651379,0.272,18806,,1.604,19397.0,18215.0
2025-12-24,1787,2471,1645,1387,617.1,125.31,52.86,103.55,618457,0.26,18948,,1.604,19544.0,18352.0
2025-12-25,1790,2557,1703,1403,619.96,125.29,52.62,103.16,631996,0.266,19085,,1.604,19685.0,18485.0
2025-12-26,1784,2416,1646,1389,615.92,127.54,54.03,103.22,626060,0.262,18987,,1.604,19584.0,18390.0
2025-12-27,1783,2430,1689,1399,616.04,128.7,54.21,103.34,620297,0.26,18757,,1.604,19347.0,18167.0
2025-12-28,1790,2493,1698,1387,606.78,130.59,54.55,103.33,646976,0.267,19055,,1.604,19654.0,18456.0
2025-12-29,1775,2457,1651,1381,613.3,130.95,54.89,103.14,644659,0.269,18607,,1.604,19192.0,18022.0
2025-12-30,1754,2436,1663,1350,610.91,132.23,54.98,103.41,655558,0.272,18522,,1.604,19104.0,17940.0
2025-12-31,1757,2447,1658,1370,611.13,131.23,55.07,103.32,611545,0.254,18554,,1.604,19137.0,17971.0
2026-01-01,1730,2416,1613,1335,609.71,130.34,55.19,102.96,655265,0.272,18403,,1.604,18982.0,17824.0
2026-01-02,1738,2448,1608,1335,614.89,126.94,53.59,102.46,677758,0.283,18736,,1.604,19325.0,18147.0
2026-01-03,1692,2354,1542,1325,602.05,128.31,54.45,102.8,634300,0.26,17604,,1.604,18157.0,17051.0
2026-01-04,1716,2357,1622,1342,602.17,130.09,54.52,102.98,670423,0.275,18067,,1.604,18635.0,17499.0
2026-01-05,1726,2411,1583,1360,601.9,129.33,54.85,103.02,638992,0.262,17906,,1.605,18469.0,17343.0
2026-01-06,1729,2472,1628,1341,600.09,128.93,54.07,102.92,623321,0.254,18145,,1.605,18716.0,17574.0
2026-01-07,1752,2411,1640,1374,608.13,127.95,54.33,102.81,640312,0.265,18548,,1.605,19131.0,17965.0
2026-01-08,1790,2427,1700,1406,604.26,128.34,53.9,102.56,661631,0.272,19067,,1.605,19667.0,18467.0
2026-01-09,1812,2551,1696,1422,607.95,129.62,54.72,102.48,634369,0.262,19114,,1.605,19715.0,18513.0
2026-01-10,1763,2427,1649,1360,609.71,127.45,54.12,101.97,638992,0.265,18773,,1.605,19364.0,18182.0
2026-01-11,1728,2287,1643,1350,615.52,127.88,53.63,101.82,657977,0.275,18496,,1.605,19078.0,17914.0
2026-01-12,1710,2398,1616,1340,612.55,127.49,53.63,101.79,650218,0.271,18140,,1.605,18711.0,17569.0
2026-01-13,1709,2334,1614,1333,609.36,127.58,54.1,101.98,660059,0.274,17979,,1.605,18545.0,17413.0
2026-01-14,1720,2369,1628,1304,614.47,128.08,53.74,102.01,655996,0.274,18359,,1.605,18937.0,17781.0
2026-01-15,1699,2360,1559,1328,616.48,127.79,53.14,102.24,660782,0.277,17987,,1.605,18553.0,17421.0
2026-01-16,1702,2358,1619,1368,609.59,127.61,54.46,102.61,648281,0.269,18223,,1.605,18796.0,17650.0
2026-01-17,1682,2353,1596,1305,607.38,127.31,53.28,102.9,659439,0.272,17828,,1.605,18389.0,17267.0
2026-01-18,1665,2278,1540,1286,609.39,128.43,54.0,103.03,643269,0.267,17832,,1.605,18393.0,17271.0
2026-01-19,1629,2271,1525,1277,613.4,128.88,54.59,103.05,677742,0.283,17397,,1.605,17944.0,16850.0
2026-01-20,1605,2203,1508,1258,610.53,129.08,53.97,102.82,650154,0.27,17159,,1.605,17699.0,16619.0
2026-01-21,1571,2201,1473,1247,597.66,127.49,53.14,103.02,677872,0.275,16665,,1.605,17189.0,16141.0
2026-01-22,1547,2163,1463,1184,600.54,127.0,53.44,103.46,658724,0.269,16411,,1.605,16927.0,15895.0
2026-01-23,1574,2130,1516,1241,595.52,128.05,53.06,103.55,666564,0.27,16569,,1.605,17090.0,16048.0
2026-01-24,1551,2189,1485,1220,587.03,128.05,53.66,104.04,657432,0.262,16289,,1.605,16801.0,15777.0
2026-01-25,1618,2208,1488,1259,575.06,128.8,54.19,103.65,650956,0.255,16595,,1.605,17117.0,16073.0
2026-01-26,1630,2286,1548,1277,579.75,130.87,54.86,103.37,641379,0.253,16736,,1.605,17262.0,16210.0
2026-01-27,1634,2272,1569,1293,581.27,132.03,54.84,103.59,653091,0.258,17115,,1.605,17653.0,16577.0
2026-01-28,1612,2308,1525,1273,581.19,132.05,56.1,103.66,665447,0.263,16860,,1.605,17390.0,16330.0
2026-01-29,1630,2239,1560,1251,588.38,131.34,55.2,103.99,674884,0.27,17082,,1.605,17619.0,16545.0
2026-01-30,1616,2214,1569,1275,592.06,128.19,54.41,103.98,688276,0.277,17211,,1.605,17752.0,16670.0
2026-01-31,1619,2233,1547,1261,600.09,127.96,53.64,103.76,667862,0.273,17102,,1.605,17640.0,16564.0
2026-02-01,1683,2309,1588,1314,594.42,127.54,53.22,103.71,662761,0.268,17826,,1.605,18387.0,17265.0
2026-02-02,1680,2354,1605,1312,595.0,127.99,53.86,103.33,655805,0.265,17652,,1.605,18207.0,17097.0
2026-02-03,1708,2284,1609,1329,588.46,127.78,53.58,103.05,686114,0.275,17740,,1.605,18298.0,17182.0
2026-02-04,1689,2284,1589,1339,588.3,127.38,53.03,103.31,701140,0.28,17921,,1.605,18485.0,17357.0
2026-02-05,1688,2281,1578,1315,588.08,125.24,53.19,103.54,700878,0.28,17800,,1.605,18360.0,17240.0
2026-02-06,1731,2432,1667,1330,591.81,124.14,51.89,103.64,694035,0.279,18143,,1.605,18714.0,17572.0
2026-02-07,1715,2443,1591,1330,592.86,124.75,51.66,103.21,694477,0.28,18097,,1.605,18666.0,17528.0
2026-02-08,1759,2423,1692,1375,596.51,126.85,53.81,103.13,711887,0.289,18487,,1.605,19069.0,17905.0
2026-02-09,1775,2442,1681,1407,600.45,126.74,53.03,102.84,692938,0.283,18822,,1.605,19414.0,18230.0
2026-02-10,1759,2431,1619,1383,610.87,127.14,53.16,103.15,699191,0.29,18451,,1.605,19031.0,17871.0
2026-02-11,1774,2500,1677,1368,609.97,128.3,53.18,103.02,686240,0.285,18724,,1.605,19313.0,18135.0
2026-02-12,1797,2438,1636,1446,606.28,127.32,54.17,102.76,672182,0.277,19104,,1.605,19705.0,18503.0
2026-02-13,1810,2509,1717,1417,608.02,127.77,53.15,102.79,683923,0.283,19142,,1.605,19744.0,18540.0
2026-02-14,1769,2485,1685,1403,605.03,126.88,53.31,102.65,695620,0.286,18763,,1.605,19353.0,18173.0
2026-02-15,1750,2437,1630,1362,612.38,127.94,54.1,103.05,698253,0.291,18506,,1.606,19089.0,17923.0
2026-02-16,1743,2413,1641,1369,611.66,128.14,53.99,102.88,727826,0.303,18862,,1.606,19456.0,18268.0
2026-02-17,1740,2446,1684,1372,609.69,128.5,53.95,102.55,701747,0.291,18679,,1.606,19267.0,18091.0
2026-02-18,1755,2300,1637,1391,608.2,127.57,52.9,102.03,719813,0.298,18668,,1.606,19256.0,18080.0
2026-02-19,1759,2457,1627,1391,612.11,128.44,53.62,102.06,697212,0.29,18698,,1.606,19287.0,18109.0
2026-02-20,1724,2350,1658,1361,612.0,130.95,55.08,101.95,700675,0.292,18541,,1.606,19125.0,17957.0
2026-02-21,1734,2310,1679,1347,609.74,129.72,54.17,101.63,687032,0.285,18686,,1.606,19274.0,18098.0
2026-02-22,1749,2436,1644,1354,617.91,129.31,54.39,101.97,697453,0.293,18855,,1.606,19449.0,18261.0
2026-02-23,1762,2494,1682,1381,614.58,129.6,54.7,102.18,718117,0.3,19120,,1.606,19722.0,18518.0
2026-02-24,1789,2462,1715,1412,615.35,130.55,55.22,102.2,711952,0.298,19011,,1.606,19609.0,18413.0
2026-02-25,1809,2539,1682,1407,618.88,129.87,54.06,102.58,727612,0.306,19303,,1.606,19911.0,18695.0
2026-02-26,1819,2583,1698,1438,612.08,126.48,54.0,102.77,717818,0.299,19238,,1.606,19844.0,18632.0
2026-02-27,1816,2565,1738,1443,614.93,128.17,54.14,102.58,711445,0.297,19435,,1.606,20047.0,18823.0
2026-02-28,1773,2521,1709,1367,610.82,129.12,54.23,102.35,750590,0.312,18993,,1.606,19591.0,18395.0
2026-03-01,1784,2495,1691,1376,615.26,127.06,53.8,102.58,718591,0.301,19068,,1.606,19668.0,18468.0
2026-03-02,1789,2472,1659,1393,611.59,126.39,54.03,102.7,739079,0.307,19206,,1.606,19811.0,18601.0
2026-03-03,1795,2405,1737,1406,615.45,128.35,53.33,102.77,717250,0.3,19341,,1.606,19950.0,18732.0
2026-03-04,1763,2421,1643,1365,621.1,130.13,54.57,102.58,735545,0.311,18815,,1.606,19407.0,18223.0
2026-03-05,1736,2357,1623,1378,625.55,131.28,54.19,102.75,740452,0.315,18739,,1.606,19329.0,18149.0
2026-03-06,1762,2530,1665,1382,627.17,131.08,55.13,102.59,731288,0.312,19183,,1.606,19787.0,18579.0
2026-03-07,1762,2423,1695,1375,626.6,131.2,55.25,102.58,694471,0.296,18944,,1.606,19540.0,18348.0
2026-03-08,1779,2461,1694,1362,624.5,131.06,55.03,102.97,731686,0.311,19112,,1.606,19714.0,18510.0
2026-03-09,1780,2481,1684,1365,631.67,132.43,55.36,102.82,751490,0.323,19487,,1.606,20100.0,18874.0
2026-03-10,1781,2460,1686,1394,628.93,131.39,54.36,102.45,742562,0.318,19161,,1.606,19764.0,18558.0
2026-03-11,1805,2567,1697,1369,624.74,130.44,54.94,102.21,742949,0.316,19448,,1.606,20060.0,18836.0
2026-03-12,1792,2445,1698,1416,628.31,131.7,55.89,102.49,712036,0.304,19392,,1.606,20002.0,18782.0
2026-03-13,1794,2485,1623,1397,625.23,131.67,55.06,102.58,728665,0.31,19295,,1.606,19902.0,18688.0
2026-03-14,1783,2427,1669,1449,621.54,133.35,56.18,102.57,747239,0.316,19323,,1.606,19931.0,18715.0
2026-03-15,1773,2387,1672,1424,615.7,132.55,55.04,102.47,748814,0.314,18971,,1.606,19568.0,18374.0
2026-03-16,1766,2409,1631,1374,614.32,132.51,55.84,102.62,762462,0.319,19143,,1.606,19746.0,18540.0
2026-03-17,1772,2444,1676,1380,614.77,131.42,55.04,102.43,743646,0.311,18994,,1.606,19592.0,18396.0
2026-03-18,1761,2411,1650,1392,616.68,131.48,54.92,102.53,753475,0.316,19029,,1.606,19628.0,18430.0
2026-03-19,1794,2444,1730,1430,621.76,129.75,54.19,102.38,749194,0.317,19432,,1.606,20044.0,18820.0
2026-03-20,1772,2382,1705,1353,624.83,129.24,54.12,102.18,735696,0.313,19078,,1.606,19679.0,18477.0
2026-03-21,1769,2437,1651,1347,624.62,127.6,53.75,102.05,718207,0.305,18835,,1.606,19428.0,18242.0
2026-03-22,1759,2360,1650,1361,624.38,128.55,53.47,101.99,760042,0.323,19104,,1.606,19705.0,18503.0
2026-03-23,1797,2514,1687,1412,627.35,129.51,54.24,102.02,757710,0.323,19481,,1.606,20094.0,18868.0
2026-03-24,1803,2491,1683,1415,633.7,127.53,53.55,102.11,747342,0.322,19679,,1.606,20298.0,19060.0
2026-03-25,1830,2459,1725,1446,634.76,129.25,53.85,101.22,733829,0.317,19842,,1.606,20467.0,19217.0
2026-03-26,1793,2461,1667,1377,633.14,132.35,56.31,101.07,769054,0.331,19497,,1.606,20111.0,18883.0
2026-03-27,1801,2452,1665,1363,629.19,132.47,55.29,101.03,757099,0.324,19785,,1.606,20408.0,19162.0
2026-03-28,1825,2532,1731,1439,623.3,131.76,55.07,101.46,770908,0.327,19532,,1.606,20147.0,18917.0
2026-03-29,1828,2582,1734,1411,627.03,135.22,56.4,101.24,791970,0.338,19925,,1.606,20552.0,19298.0
2026-03-30,1855,2476,1724,1411,630.3,133.66,56.86,101.33,733330,0.314,19981,,1.606,20610.0,19352.0
2026-03-31,1843,2549,1755,1440,633.51,133.73,56.39,101.75,756385,0.326,19984,,1.606,20613.0,19355.0
2026-04-01,1879,2586,1751,1480,633.48,134.0,55.91,101.47,765153,0.33,20360,,1.606,21001.0,19719.0
2026-04-02,1937,2704,1827,1509,640.36,135.67,57.42,101.61,791516,0.345,21031,,1.606,21693.0,20369.0
2026-04-03,1928,2670,1833,1495,638.61,136.13,57.26,101.46,746533,0.324,20988,,1.606,21649.0,20327.0
2026-04-04,1917,2611,1801,1492,643.37,135.56,57.04,101.38,801488,0.351,21158,,1.606,21824.0,20492.0
2026-04-05,1953,2681,1847,1517,643.57,134.45,56.33,101.22,775842,0.34,21361,,1.606,22033.0,20689.0
2026-04-06,1992,2713,1860,1530,641.2,134.1,56.02,101.09,773703,0.337,21658,,1.606,22340.0,20976.0
2026-04-07,1978,2779,1855,1530,644.3,132.96,55.98,101.83,773495,0.339,21441,,1.606,22116.0,20766.0
2026-04-08,1967,2716,1844,1544,646.51,133.1,55.68,102.08,771228,0.339,21542,,1.606,22220.0,20864.0
2026-04-09,1960,2790,1824,1535,648.45,132.51,56.38,102.39,794782,0.35,21740,,1.607,22425.0,21055.0
2026-04-10,1926,2655,1806,1505,649.11,130.82,54.43,102.54,764304,0.337,21056,,1.607,21719.0,20393.0
2026-04-11,1904,2595,1751,1467,649.22,132.45,56.24,102.16,786766,0.347,20880,,1.607,21538.0,20222.0
2026-04-12,1879,2525,1754,1463,660.25,131.96,55.38,102.29,777057,0.349,20776,,1.607,21430.0,20122.0
2026-04-13,1861,2488,1743,1413,665.65,130.55,54.95,102.59,772605,0.35,20686,,1.607,21338.0,20034.0
2026-04-14,1862,2499,1744,1456,668.87,130.49,55.14,102.4,824024,0.375,20575,,1.607,21223.0,19927.0
2026-04-15,1870,2592,1752,1484,669.28,130.71,54.65,102.67,792698,0.361,20972,,1.607,21633.0,20311.0
2026-04-16,1910,2659,1794,1463,673.71,128.76,54.42,102.87,796770,0.365,21297,,1.607,21968.0,20626.0
2026-04-17,1886,2532,1785,1461,675.85,129.33,53.24,103.35,805777,0.37,21021,,1.607,21683.0,20359.0
2026-04-18,1912,2680,1820,1498,675.74,128.24,53.57,103.26,768508,0.353,21487,,1.607,22164.0,20810.0
2026-04-19,1908,2612,1778,1511,674.15,130.48,54.43,102.99,817210,0.375,21300,,1.607,21971.0,20629.0
2026-04-20,1908,2640,1764,1481,673.59,131.27,54.63,102.92,754368,0.346,21256,,1.607,21926.0,20586.0
2026-04-21,1927,2731,1785,1490,659.15,130.94,54.91,103.3,781526,0.35,21475,,1.607,22151.0,20799.0
2026-04-22,1900,2662,1774,1446,660.21,130.2,54.84,102.85,787206,0.353,20893,,1.607,21551.0,20235.0
2026-04-23,1911,2625,1788,1493,658.1,130.24,54.98,102.35,803829,0.36,20991,,1.607,21652.0,20330.0
2026-04-24,1917,2605,1783,1532,665.41,131.15,55.18,102.4,799374,0.362,21371,,1.607,22044.0,20698.0
2026-04-25,1931,2567,1782,1511,665.48,131.27,54.87,102.32,794558,0.36,21605,,1.607,22285.0,20925.0
2026-04-26,1939,2644,1812,1512,660.12,131.17,55.24,102.35,797825,0.358,21282,,1.607,21952.0,20612.0
2026-04-27,2002,2753,1886,1567,660.0,131.41,55.24,102.62,784255,0.352,22110,,1.607,22806.0,21414.0
2026-04-28,1986,2697,1882,1549,655.39,130.85,55.33,102.5,777365,0.346,21889,,1.607,22578.0,21200.0
2026-04-29,1974,2718,1842,1525,657.71,130.61,55.17,102.06,811595,0.363,21554,,1.607,22233.0,20875.0
2026-04-30,1959,2707,1831,1543,659.17,128.29,53.89,102.61,811954,0.364,21777,,1.607,22463.0,21091.0
2026-05-01,1947,2676,1807,1522,663.59,129.67,54.1,102.38,826142,0.373,21761,,1.607,22446.0,21076.0
2026-05-02,1932,2637,1816,1507,660.06,130.23,54.44,102.14,791326,0.355,21350,,1.607,22022.0,20678.0
2026-05-03,1964,2718,1825,1514,660.31,129.49,54.17,102.45,814346,0.366,21899,,1.607,22589.0,21209.0
2026-05-04,2001,2781,1895,1584,654.26,131.98,55.31,102.38,800450,0.356,22123,,1.607,22820.0,21426.0
2026-05-05,1987,2693,1823,1562,657.62,132.26,55.65,102.4,823290,0.368,21965,,1.607,22657.0,21273.0
2026-05-06,1967,2779,1840,1525,660.1,131.18,55.38,102.54,821465,0.369,21742,,1.607,22427.0,21057.0
2026-05-07,1981,2729,1869,1563,662.42,132.4,55.59,102.84,809980,0.365,21823,,1.607,22510.0,21136.0
2026-05-08,1968,2717,1855,1526,662.47,133.05,55.89,102.78,802370,0.361,21796,,1.607,22483.0,21109.0
2026-05-09,1986,2772,1934,1535,664.37,133.68,56.2,103.18,822502,0.372,22113,,1.607,22809.0,21417.0
2026-05-10,1992,2759,1881,1540,671.59,133.33,55.79,102.66,818390,0.374,22175,,1.607,22873.0,21477.0
2026-05-11,1955,2741,1813,1493,670.16,134.03,55.92,102.87,798993,0.364,21526,,1.607,22204.0,20848.0
2026-05-12,1996,2767,1874,1565,670.66,133.87,55.52,102.68,789888,0.36,22330,,1.607,23033.0,21627.0
2026-05-13,2042,2790,1875,1560,665.63,134.7,56.3,103.04,805997,0.365,22610,,1.607,23322.0,21898.0
2026-05-14,2027,2814,1904,1559,661.68,132.56,55.87,103.09,833549,0.375,22387,,1.607,23092.0,21682.0
2026-05-15,2018,2734,1876,1537,662.16,132.22,55.25,102.94,828481,0.373,22446,,1.607,23153.0,21739.0
2026-05-16,2027,2802,1928,1579,667.15,134.48,56.39,103.12,795038,0.361,22622,,1.607,23335.0,21909.0
2026-05-17,2036,2808,1900,1585,665.91,133.72,56.35,103.36,794619,0.36,22173,,1.607,22871.0,21475.0
2026-05-18,2053,2824,1927,1596,664.79,133.16,56.14,103.53,831640,0.376,22786,,1.607,23504.0,22068.0
2026-05-19,2104,2898,1962,1622,662.92,132.81,55.35,103.28,795843,0.359,22964,,1.607,23687.0,22241.0
2026-05-20,2099,2813,2017,1616,660.5,131.54,55.64,103.17,820846,0.369,23161,,1.607,23891.0,22431.0
2026-05-21,2079,2845,1947,1630,661.86,129.09,54.67,103.18,804268,0.362,22907,,1.607,23629.0,22185.0
2026-05-22,2045,2826,1968,1585,655.12,129.06,53.75,103.18,838039,0.373,22588,,1.607,23299.0,21877.0
2026-05-23,2028,2805,1926,1587,661.02,129.47,54.05,103.38,802474,0.361,22306,,1.607,23009.0,21603.0
2026-05-24,2028,2752,1918,1566,658.03,129.65,54.93,102.88,831400,0.372,22151,,1.607,22849.0,21453.0
2026-05-25,2074,2919,1959,1621,661.34,129.72,54.42,102.99,817213,0.368,22801,,1.607,23519.0,22083.0
2026-05-26,2061,2805,1947,1631,655.61,130.02,53.72,102.93,818386,0.365,22690,,1.607,23405.0,21975.0
2026-05-27,2067,2897,1895,1623,658.72,131.48,54.66,102.74,785184,0.352,22809,,1.607,23527.0,22091.0
2026-05-28,2067,2872,1936,1605,661.77,131.47,55.12,102.57,781802,0.352,22588,,1.607,23299.0,21877.0
2026-05-29,2098,2866,1993,1641,663.47,131.0,54.56,102.54,811616,0.366,23233,,1.607,23965.0,22501.0
2026-05-30,2161,3062,2030,1681,658.91,130.89,54.81,101.67,818679,0.367,23597,,1.607,24340.0,22854.0
2026-05-31,2146,2908,1983,1674,660.04,131.82,55.38,101.54,798121,0.358,23554,,1.607,24296.0,22812.0
2026-06-01,2133,2985,2004,1658,654.69,133.73,56.75,101.36,798663,0.356,23240,,1.607,23972.0,22508.0
2026-06-02,2159,3024,2072,1681,653.63,133.17,55.81,101.54,823382,0.366,23603,,1.607,24346.0,22860.0
2026-06-03,2175,2971,2076,1700,658.35,133.49,56.49,101.39,823341,0.369,23923,,1.607,24677.0,23169.0
2026-06-04,2220,3126,2085,1714,661.92,134.09,56.89,101.38,812743,0.366,24146,,1.607,24907.0,23385.0
2026-06-05,2232,3069,2122,1723,661.9,133.09,56.47,101.82,826394,0.372,24361,,1.607,25128.0,23594.0
2026-06-06,2221,3078,2079,1708,657.41,133.31,56.11,102.1,796933,0.356,24225,,1.607,24988.0,23462.0
2026-06-07,2234,3094,2057,1714,660.3,131.76,54.55,102.36,809033,0.363,24685,,1.607,25463.0,23907.0
2026-06-08,2259,3112,2101,1740,660.31,129.86,54.72,102.27,838889,0.377,24604,,1.607,25379.0,23829.0
2026-06-09,2277,3179,2179,1779,649.77,130.55,55.25,102.43,814966,0.36,24911,,1.607,25696.0,24126.0
2026-06-10,2287,3191,2143,1767,653.4,130.33,54.71,102.4,815579,0.362,25059,,1.607,25848.0,24270.0
2026-06-11,2310,3109,2165,1811,653.32,130.82,55.64,102.38,847988,0.377,25101,,1.607,25892.0,24310.0
2026-06-12,2335,3282,2188,1822,658.76,131.04,55.38,102.51,792096,0.355,25306,,1.607,26103.0,24509.0
2026-06-13,2366,3190,2272,1810,653.73,130.11,54.87,102.39,824693,0.367,25543,,1.607,26348.0,24738.0
2026-06-14,2377,3327,2275,1866,639.43,130.31,55.16,102.79,837339,0.364,25525,,1.607,26329.0,24721.0
2026-06-15,2368,3319,2282,1862,640.96,129.08,54.35,102.77,807111,0.352,25243,,1.607,26038.0,24448.0
2026-06-16,2367,3218,2221,1828,642.5,131.02,54.03,102.95,824456,0.36,25447,,1.607,26249.0,24645.0
2026-06-17,2392,3283,2256,1874,635.08,129.63,54.24,103.33,796382,0.344,25715,,1.607,26525.0,24905.0
2026-06-18,2367,3216,2187,1831,631.01,129.65,54.93,103.59,800335,0.343,25148,,1.607,25940.0,24356.0
2026-06-19,2371,3262,2265,1851,643.8,128.66,53.72,103.25,815908,0.357,25467,,1.607,26269.0,24665.0
2026-06-20,2356,3237,2185,1815,642.56,129.62,54.35,103.37,821582,0.359,25136,,1.607,25928.0,24344.0
2026-06-21,2351,3280,2216,1802,646.0,129.49,53.97,103.59,825862,0.363,25405,,1.607,26205.0,24605.0
2026-06-22,2378,3341,2208,1848,643.14,129.13,54.95,103.82,832009,0.364,25622,,1.607,26429.0,24815.0
2026-06-23,2377,3344,2220,1852,633.85,130.42,55.45,103.54,806845,0.348,25395,,1.607,26195.0,24595.0
2026-06-24,2373,3249,2209,1844,633.38,130.7,54.54,103.38,825126,0.355,25341,,1.607,26139.0,24543.0
2026-06-25,2333,3210,2178,1798,632.47,131.56,55.32,103.64,801426,0.345,24885,,1.608,25669.0,24101.0
2026-06-26,2347,3162,2192,1823,630.97,130.62,54.59,103.45,819406,0.352,25123,,1.608,25915.0,24331.0
2026-06-27,2357,3217,2202,1843,630.77,129.18,54.5,103.38,808276,0.347,25139,,1.608,25931.0,24347.0
2026-06-28,2405,3363,2282,1875,632.26,129.57,54.62,103.78,811112,0.349,25685,,1.608,26495.0,24875.0
2026-06-29,2391,3372,2220,1868,631.86,129.45,54.69,103.77,810017,0.348,25522,,1.608,26326.0,24718.0
2026-06-30,2390,3243,2252,1852,626.43,130.46,54.93,103.59,778808,0.332,25478,,1.608,26281.0,24675.0
2026-07-01,2390,3271,2277,1885,628.98,130.61,56.03,103.38,785206,0.336,25473,,1.608,26276.0,24670.0
2026-07-02,2423,3342,2264,1868,620.51,131.1,54.65,103.47,802770,0.339,25637,,1.608,26445.0,24829.0
2026-07-03,2413,3342,2250,1891,611.73,129.38,53.66,103.14,775064,0.322,25509,,1.608,26313.0,24705.0
2026-07-04,2413,3293,2262,1903,615.68,131.91,55.24,103.09,811958,0.34,25506,,1.608,26310.0,24702.0
2026-07-05,2421,3360,2305,1897,618.49,131.93,54.78,103.19,811656,0.341,25732,,1.608,26543.0,24921.0
2026-07-06,2418,3315,2278,1882,618.69,132.99,55.26,103.53,802561,0.338,25610,,1.608,26417.0,24803.0
2026-07-07,2399,3310,2242,1862,612.86,132.19,55.12,103.7,779883,0.325,24997,,1.608,25785.0,24209.0
2026-07-08,2397,3332,2265,1888,610.22,132.77,55.4,103.52,816427,0.339,25375,,1.608,26175.0,24575.0
2026-07-09,2416,3334,2244,1859,609.62,131.41,54.81,103.82,825285,0.342,25432,,1.608,26234.0,24630.0
2026-07-10,2383,3268,2257,1841,603.03,132.18,55.72,103.75,795913,0.326,24921,,1.608,25706.0,24136.0
2026-07-11,2379,3278,2246,1848,600.41,131.96,55.22,103.44,800323,0.327,24891,,1.608,25675.0,24107.0
2026-07-12,2354,3244,2205,1858,604.09,132.21,55.46,103.4,794627,0.326,24616,,1.608,25392.0,23840.0
2026-07-13,2377,3263,2213,1861,611.18,133.26,56.33,103.77,798472,0.332,25032,,1.608,25821.0,24243.0
2026-07-14,2331,3205,2169,1801,609.8,131.97,55.12,103.81,787618,0.327,24445,,1.608,25215.0,23675.0
2026-07-15,2310,3260,2185,1796,613.72,131.36,55.06,103.82,787767,0.329,24525,,1.608,25298.0,23752.0
2026-07-16,2313,3217,2205,1793,605.54,132.12,55.64,104.22,800725,0.33,24281,,1.608,25046.0,23516.0
2026-07-17,2346,3224,2189,1817,609.09,134.85,55.86,103.86,821157,0.34,24660,,1.608,25437.0,23883.0
2026-07-18,2337,3256,2208,1840,605.96,134.84,55.68,103.54,763786,0.315,24357,,1.608,25125.0,23589.0
2026-07-19,2316,3181,2125,1782,607.89,135.71,57.14,103.14,782025,0.323,24355,,1.608,25123.0,23587.0
2026-07-20,2356,3304,2200,1867,607.27,135.73,57.2,103.24,764652,0.316,24702,,1.608,25481.0,23923.0
2026-07-21,2312,3208,2173,1819,613.71,138.21,58.87,103.3,804997,0.336,24471,,1.608,25242.0,23700.0
2026-07-22,2251,3101,2093,1775,610.12,136.22,57.27,103.69,771041,0.32,23574,,1.608,24317.0,22831.0
2026-07-23,2256,3133,2097,1751,613.36,136.46,57.64,103.76,756931,0.316,23582,,1.608,24325.0,22839.0
2026-07-24,2237,3017,2086,1742,612.43,134.64,56.47,103.66,786857,0.328,23706,,1.608,24453.0,22959.0
2026-07-25,2206,2993,2081,1695,612.06,131.79,55.47,103.66,802136,0.334,23522,,1.608,24263.0,22781.0
2026-07-26,2218,3008,2081,1721,611.56,132.34,56.25,103.69,784597,0.326,23302,,1.608,24036.0,22568.0
2026-07-27,2219,3069,2030,1740,608.09,132.69,54.88,103.27,776370,0.321,23554,,1.608,24296.0,22812.0
2026-07-28,2199,3113,2014,1739,608.41,132.53,55.83,103.96,778075,0.322,23213,,1.608,23945.0,22481.0
2026-07-29,2162,3084,2017,1667,608.49,132.58,56.54,104.09,791784,0.328,22839,,1.608,23559.0,22119.0
2026-07-30,2180,3036,2060,1693,609.93,136.47,57.43,104.14,756058,0.314,22921,,1.608,23643.0,22199.0
2026-07-31,2191,3046,1991,1706,610.61,136.28,57.9,104.28,766087,0.318,22941,,1.608,23664.0,22218.0
2026-08-01,2183,2932,2040,1678,614.49,137.01,57.29,104.45,759555,0.317,23200,,1.608,23931.0,22469.0
2026-08-02,2225,3046,2078,1746,618.83,136.33,57.25,104.4,747394,0.315,23446,,1.608,24185.0,22707.0
2026-08-03,2193,2990,2096,1697,614.19,136.8,57.47,104.23,758540,0.317,23074,,1.608,23801.0,22347.0
2026-08-04,2149,2938,2011,1673,618.27,136.61,56.49,104.37,778622,0.327,22961,,1.608,23685.0,22237.0
2026-08-05,2128,2929,2010,1652,613.01,136.23,56.75,104.46,769033,0.321,22306,,1.608,23009.0,21603.0
2026-08-06,2123,2908,1999,1642,615.82,138.51,57.74,104.24,768715,0.322,22342,,1.608,23046.0,21638.0
2026-08-07,2125,2844,1944,1657,618.71,140.0,59.13,104.59,759752,0.32,22575,,1.608,23286.0,21864.0
2026-08-08,2115,2953,2008,1646,610.13,140.21,59.24,104.65,763898,0.317,22386,,1.608,23092.0,21680.0
2026-08-09,2120,2878,1999,1647,610.73,137.48,57.87,104.81,742522,0.308,22429,,1.608,23136.0,21722.0
2026-08-10,2085,2889,1973,1614,608.78,137.13,57.92,105.14,748361,0.31,21973,,1.608,22666.0,21280.0
2026-08-11,2118,3017,2089,1658,605.55,140.45,58.92,105.12,754346,0.311,22598,,1.608,23310.0,21886.0
2026-08-12,2113,2874,1934,1678,611.87,140.2,59.37,105.17,754082,0.314,22310,,1.608,23013.0,21607.0
2026-08-13,2137,2836,2052,1670,609.02,141.56,59.46,105.35,753167,0.312,22503,,1.608,23212.0,21794.0
2026-08-14,2142,2943,2006,1689,605.54,143.3,60.21,105.13,744725,0.307,22414,,1.608,23120.0,21708.0
2026-08-15,2150,3016,2028,1652,606.07,143.54,60.18,105.12,739567,0.305,22597,,1.608,23309.0,21885.0
2026-08-16,2160,3069,2029,1688,609.33,142.5,60.12,105.13,791016,0.328,22902,,1.608,23624.0,22180.0
2026-08-17,2167,2935,2026,1671,608.79,139.57,58.45,104.86,755665,0.313,22970,,1.608,23694.0,22246.0
2026-08-18,2179,3029,2034,1673,614.13,140.41,59.36,105.42,746668,0.312,22833,,1.608,23553.0,22113.0
2026-08-19,2208,3026,2084,1709,616.5,139.45,58.12,105.03,735373,0.308,23281,,1.608,24015.0,22547.0
2026-08-20,2208,3043,2038,1744,606.61,139.68,58.23,104.69,730499,0.301,23203,,1.608,23934.0,22472.0
2026-08-21,2221,3184,2107,1750,604.33,138.2,58.32,105.0,733696,0.302,23322,,1.608,24057.0,22587.0
2026-08-22,2214,2988,2071,1731,601.93,137.92,57.89,105.15,738436,0.302,23150,,1.608,23880.0,22420.0
2026-08-23,2245,3110,2082,1724,604.26,138.0,57.78,104.87,704219,0.289,23497,,1.608,24238.0,22756.0
2026-08-24,2223,3089,2079,1731,592.55,138.36,58.47,105.0,707263,0.285,22942,,1.608,23665.0,22219.0
2026-08-25,2264,3173,2159,1771,604.36,137.04,57.32,105.34,719625,0.296,23830,,1.608,24581.0,23079.0
2026-08-26,2257,3119,2108,1764,606.83,138.52,58.1,105.3,730657,0.302,23758,,1.608,24507.0,23009.0
2026-08-27,2216,3072,2092,1695,607.52,137.83,58.45,105.92,722331,0.298,23065,,1.608,23792.0,22338.0
2026-08-28,2215,3039,2063,1711,612.83,135.84,57.67,105.45,746460,0.311,23211,,1.608,23943.0,22479.0
2026-08-29,3186,4397,2995,2485,629.0,139.75,58.7,99.16,746460,0.319,33161,,,,
